Date,Open,High,Low,Close,Volume,Dividends,Stock Splits,MA,RSI,MACD,Signal_Line,MACD_Histogram,StdDev
2023-12-14 00:00:00-05:00,92.78194739185558,94.3945105404918,92.78194739185558,93.50859832763672,12439300,0.0,0.0,,,0.0,0.0,0.0,
2023-12-15 00:00:00-05:00,92.62268667035701,93.51854749728184,92.50323501606671,93.03079986572266,17545700,0.0,0.0,,,-0.03811497701877897,-0.007622995403755795,-0.03049198161502318,
2023-12-18 00:00:00-05:00,92.27429434892203,93.27965829152933,92.27429434892203,92.43356323242188,9083600,0.0,0.0,,,-0.1151855881427366,-0.029135513951551957,-0.08605007419118466,
2023-12-19 00:00:00-05:00,92.21456517285039,93.55836399728128,92.18470415809647,93.49864196777344,8804000,0.0,0.0,,,-0.08929234346089743,-0.04116687985342105,-0.048125463607476375,
2023-12-20 00:00:00-05:00,92.81181504796848,93.83708379951229,90.83095578252873,90.85086059570312,13060600,0.0,0.0,,,-0.27920706356523795,-0.08877491659578443,-0.19043214696945351,
2023-12-21 00:00:00-05:00,91.50782906274571,91.65714173481916,90.64182164020615,91.597412109375,13037200,0.0,0.0,,,-0.3652648339117235,-0.14407290005897225,-0.22119193385275124,
2023-12-22 00:00:00-05:00,91.19925569702315,91.81640360717641,90.33324826890608,90.60200500488281,9411500,0.0,0.0,,,-0.5079321456935446,-0.21684474918588673,-0.2910873965076579,
2023-12-26 00:00:00-05:00,90.42283029193392,90.85085589946216,90.18393457439846,90.5323257446289,8086900,0.0,0.0,,,-0.6194785885549123,-0.29737151705969184,-0.3221070714952205,
2023-12-27 00:00:00-05:00,90.49251537913716,90.52237639428976,89.62650796792221,89.9649429321289,11123500,0.0,0.0,,,-0.7450742471949496,-0.3869120630867434,-0.3581621841082062,
2023-12-28 00:00:00-05:00,89.67627410736881,90.56219392800945,89.5568300463424,89.98485565185547,8479600,0.0,0.0,,,-0.8333960505706983,-0.4762088605835344,-0.3571871899871639,
2023-12-29 00:00:00-05:00,89.70614110189692,90.18393252611611,89.44733298373616,89.87535858154297,9201300,0.0,0.0,,,-0.9018314628065838,-0.5613333810281442,-0.34049808177843954,
2024-01-02 00:00:00-05:00,89.68623482111825,91.05990234687033,89.31793882195376,90.2934341430664,10587600,0.0,0.0,,,-0.9118209123535479,-0.631430887293225,-0.28039002506032285,
2024-01-03 00:00:00-05:00,89.81564121840988,91.65714396721253,89.58669410307333,91.22911834716797,11929800,0.0,0.0,,,-0.8346148076844742,-0.6720676713714748,-0.16254713631299933,
2024-01-04 00:00:00-05:00,91.51778675488869,91.51778675488869,89.58669337853458,90.14411926269531,12087400,0.0,0.0,,32.71982614379188,-0.8511670479993114,-0.7078875466970422,-0.14327950130226919,
2024-01-05 00:00:00-05:00,89.99481156962229,90.9006286050838,89.94503814811388,90.48255920410156,9084400,0.0,0.0,,34.98023640575995,-0.8274373600654172,-0.7317975093707173,-0.09563985069469993,
2024-01-08 00:00:00-05:00,91.12957763671875,91.51778603073865,90.58210036599425,91.12957763671875,11103700,0.0,0.0,,40.7191757098687,-0.7478022326142337,-0.7349984540194205,-0.012803778594813187,
2024-01-09 00:00:00-05:00,90.63187675479767,90.6816425846281,89.18853099126642,89.25820922851562,11255100,0.0,0.0,,36.21434344237318,-0.8261710259195212,-0.7532329683994408,-0.07293805752008042,
2024-01-10 00:00:00-05:00,89.40751632534065,89.40751632534065,88.47183068838409,88.87995147705078,15091600,0.0,0.0,,28.67651461729588,-0.9083304307522724,-0.7842524608700072,-0.12407796988226516,
2024-01-11 00:00:00-05:00,88.97949305651404,89.36770144917779,88.28271070926068,89.03921508789062,9642200,0.0,0.0,,39.14081778620047,-0.9496442014145998,-0.8173308089789258,-0.13231339243567397,
2024-01-12 00:00:00-05:00,89.2382991505504,90.41288050513766,89.2382991505504,89.9350814819336,11912800,0.0,0.0,90.81353149414062,40.21104974063561,-0.8997252586604247,-0.8338096989152257,-0.06591555974519903,1.3806754409165671
2024-01-16 00:00:00-05:00,89.87536095149925,92.66249791789359,89.04917074881848,92.62268829345703,16780900,0.0,0.0,90.76923599243165,59.92179592167005,-0.6359657116099982,-0.7942409014541802,0.1582751898441821,1.3016073069361527
2024-01-17 00:00:00-05:00,92.15484376732576,93.3294251198657,89.6862294080636,89.92512512207031,15735200,0.0,0.0,90.61395225524902,47.63014730623439,-0.6372592458365602,-0.7628445703306563,0.1255853244940961,1.1987941589636326
2024-01-18 00:00:00-05:00,90.24366739294224,92.08517015305972,89.99481546334911,91.78654479980469,12203200,0.0,0.0,90.58160133361817,56.45730370565896,-0.4825211659288442,-0.7067798894502939,0.2242587235214497,1.1550369964553973
2024-01-19 00:00:00-05:00,91.89603746115571,93.15025327457565,91.20920372617562,92.63263702392578,19782400,0.0,0.0,90.53830108642578,58.8666343732627,-0.28829427443675115,-0.6230827664475854,0.33478849201083427,1.0515207512004392
2024-01-22 00:00:00-05:00,92.44351389312163,94.79267662337513,92.44351389312163,94.64336395263672,15119400,0.0,0.0,90.72792625427246,64.16319245200235,0.02756306534097064,-0.49295360008987427,0.5205166654308448,1.3962904900030129
2024-01-23 00:00:00-05:00,94.99175881377964,95.44964545264635,92.75209144872136,93.3393783569336,11559400,0.0,0.0,90.8150245666504,58.595479104984044,0.17069389012108616,-0.36022410204768224,0.5309179921687683,1.503589908201673
2024-01-24 00:00:00-05:00,93.98639091475802,94.81258110821565,92.83172196003902,93.07061767578125,10454900,0.0,0.0,90.9384552001953,55.39985780487052,0.25944859719167823,-0.23628956219981018,0.4957381593914884,1.5843393134577763
2024-01-25 00:00:00-05:00,93.48869174931168,94.50401188208626,93.31947425863534,94.42437744140625,8661600,0.0,0.0,91.13305778503418,62.356311206492514,0.43402131369637686,-0.10222738702057277,0.5362487007169496,1.7610074801801787
2024-01-26 00:00:00-05:00,94.5637336061226,95.09129848377522,94.26510825172839,94.92208099365234,7812800,0.0,0.0,91.38091468811035,62.69930193853585,0.6055515451690212,0.03932839941734603,0.5662231457516752,1.9288030544953214
2024-01-29 00:00:00-05:00,94.9818036682487,97.05225356699049,94.56373424475997,97.04229736328125,13422200,0.0,0.0,91.73378677368164,65.59871086897189,0.9021745247243302,0.21189762447874289,0.6902769002455873,2.2745415041056725
2024-01-30 00:00:00-05:00,96.07675025438733,97.09207038650503,95.56909778268674,96.49482727050781,9139600,0.0,0.0,92.06476020812988,70.52511265335657,1.0806174269498285,0.3856415849729601,0.6949758419768685,2.4636315194076714
2024-01-31 00:00:00-05:00,95.9772055839272,97.12192592169069,95.37000629853156,95.6089096069336,9592300,0.0,0.0,92.33053398132324,68.551023739172,1.1374368965342683,0.5360006472852218,0.6014362492490465,2.5477627953588353
2024-02-01 00:00:00-05:00,95.92743931786762,97.48027284358143,95.4595965006698,96.61426544189453,8484800,0.0,0.0,92.59979133605957,69.95277860282701,1.2491906570142959,0.6786386492310367,0.5705520077832592,2.7049473030416444
2024-02-02 00:00:00-05:00,95.83784969759058,96.96266523030344,95.37996307858702,96.68394470214844,9319100,0.0,0.0,92.92678260803223,68.58550191887727,1.328069690607066,0.8085248575062426,0.5195448331008233,2.7865237339675146
2024-02-05 00:00:00-05:00,96.25591969705489,96.92284861491288,96.04688499540673,96.2061538696289,11679300,0.0,0.0,93.2129623413086,61.23594107931939,1.3366204375159754,0.9141439735081891,0.42247646400778627,2.8160409583932777
2024-02-06 00:00:00-05:00,96.47491119926049,98.86389116687926,96.34551093392221,98.83403015136719,16455500,0.0,0.0,93.59818496704102,78.05644214939178,1.5377187552896743,1.0388589298644861,0.49885982542518814,3.034534811986982
2024-02-07 00:00:00-05:00,96.9427518577678,98.82407173650573,96.19619610924138,98.6847152709961,28886300,0.0,0.0,94.06951026916504,74.34995036596683,1.6658393983558,1.164255023562749,0.5015843747930511,3.0569513476120465
2024-02-08 00:00:00-05:00,106.58826168227867,112.25212650878844,106.30954873263283,110.0323715209961,60558400,0.0,0.0,95.1271312713623,85.27037936314007,2.652461034395003,1.4618962257291999,1.1905648086658032,4.490131017279069
2024-02-09 00:00:00-05:00,109.09668486451376,109.64416214961894,107.19546006365061,107.89224243164062,21509100,0.0,0.0,96.06978263854981,76.71617111449777,3.2245051690709374,1.8144180143975475,1.41008715467339,5.0844332187900365
2024-02-12 00:00:00-05:00,107.3845803184716,110.54997711934234,107.33481448991199,108.7881088256836,13424000,0.0,0.0,97.0124340057373,81.67346468876445,3.707406523466375,2.193015716211313,1.514390807255062,5.607922932360084
2024-02-13 00:00:00-05:00,107.78274676630066,110.14186579797847,107.71306852963633,109.9527359008789,14594500,0.0,0.0,97.87893638610839,83.38582370657775,4.136403117398999,2.58169319644885,1.5547099209501485,6.201409902958228
2024-02-14 00:00:00-05:00,110.07218839513015,111.1671353771604,109.16636371727388,111.04768371582031,11405500,0.0,0.0,98.9350643157959,83.21399455734694,4.512719327314187,2.967898422621918,1.5448209046922692,6.563603308510041
2024-02-15 00:00:00-05:00,110.56989005014724,112.40143658795404,110.56989005014724,111.93359375,9961900,0.0,0.0,99.94241676330566,83.47041836428042,4.82679784974853,3.3396783080472403,1.48711954170129,6.943767127694943
2024-02-16 00:00:00-05:00,111.50557095125079,112.04309203859677,110.64952728735716,111.0875015258789,8779400,0.0,0.0,100.86515998840332,79.09279025657898,4.950369986486592,3.6618166437351105,1.2885533427514817,7.144571254812995
2024-02-20 00:00:00-05:00,110.3409446473298,110.61965759485348,108.84783306186023,108.93742370605469,9770900,0.0,0.0,101.57986297607422,74.16860208016939,4.819255110993552,3.893304337186799,0.9259507738067532,7.204120744377443
2024-02-21 00:00:00-05:00,107.98183013618967,108.7184297043496,106.74751912598241,107.17554473876953,10454400,0.0,0.0,102.27167129516602,71.72774358871465,4.521060745499113,4.018855618849262,0.5022051266498515,7.033460819598041
2024-02-22 00:00:00-05:00,107.49407446167255,107.99177830734388,106.9167437724059,107.14568328857422,9266200,0.0,0.0,102.97542457580566,70.5357180049451,4.23352851160044,4.061790197399498,0.1717383142009421,6.76334191187069
2024-02-23 00:00:00-05:00,107.07600651183715,107.50403212871655,105.3439992317392,107.24522399902344,11724000,0.0,0.0,103.61646690368653,70.56999117933063,3.9679491997031135,4.043021997860221,-0.0750727981571071,6.51316544117237
2024-02-26 00:00:00-05:00,107.02623222184785,108.26054323385719,106.88687575184002,107.18550109863281,8694200,0.0,0.0,104.22963790893554,71.73826678755188,3.709891225966615,3.9763958434815,-0.26650461751488486,6.222333469536179
2024-02-27 00:00:00-05:00,107.2850429317792,109.07677986694667,107.2850429317792,108.91751098632812,7595000,0.0,0.0,104.82339859008789,70.69880887200543,3.6035971210494324,3.9018360989950867,-0.29823897794565424,6.064992286440094
2024-02-28 00:00:00-05:00,108.28044804192503,110.53007156309496,108.16100397869914,110.29117584228516,10773000,0.0,0.0,105.51321601867676,72.68483144760552,3.5888317325319576,3.839235225702461,-0.2504034931705035,5.848585179410551
2024-02-29 00:00:00-05:00,110.62961460375986,112.23222165804422,110.46039711215425,111.06759643554688,11658300,0.0,0.0,106.28615036010743,53.44827849101062,3.59830172637497,3.7910485258369633,-0.19274679946199313,5.48068536729309
2024-03-01 00:00:00-05:00,110.92823773313167,111.63497629654923,110.52011692636988,111.4358901977539,7240100,0.0,0.0,107.0272315979004,63.38345288376148,3.594094509118918,3.7516577224933547,-0.1575632133744369,5.0923614846369665
2024-03-04 00:00:00-05:00,112.15258757326757,113.60588195366404,111.28658770502953,113.16790771484375,11558900,0.0,0.0,107.85142974853515,65.55871570921599,3.6880065538386617,3.7389274887624167,-0.050920934923754935,4.644459244764194
2024-03-05 00:00:00-05:00,113.08826887968448,114.66101486103099,111.75441861880894,112.35166931152344,14929600,0.0,0.0,108.65870552062988,58.73821617923246,3.654442766914457,3.7220305443928248,-0.06758777747836797,3.8488197386612715
2024-03-06 00:00:00-05:00,112.56070083768726,112.77969173958421,108.74828764939222,109.5545654296875,14743900,0.0,0.0,109.19473228454589,45.16127277618222,3.363369487247141,3.650298332963688,-0.2869288457165471,3.0778211642759863
2024-03-07 00:00:00-05:00,110.19162751370943,110.56988729378733,108.69851598862199,109.67401885986328,8609300,0.0,0.0,109.74419746398925,42.2946498306039,3.1065206729663117,3.541542800964213,-0.4350221279979012,1.8312736090635195
2024-03-08 00:00:00-05:00,109.67402090964038,110.7988288789264,108.83787449089793,109.8133773803711,10004800,0.0,0.0,109.73324775695801,45.43509327058803,2.881000820986614,3.4094344049686933,-0.5284335839820793,1.8301141932420706
2024-03-11 00:00:00-04:00,109.5844289426782,112.39148591895608,109.52470691147501,111.79423522949219,8794300,0.0,0.0,109.92834739685058,60.36096012537811,2.8294967104368283,3.293446866062321,-0.4639501556254926,1.8315097685011452
2024-03-12 00:00:00-04:00,112.00327214224446,112.43129776114513,111.12731609176875,111.94355010986328,8085000,0.0,0.0,110.08611946105957,69.58296671203996,2.7688106688626135,3.1885196266223796,-0.41970895775976613,1.8637425576207645
2024-03-13 00:00:00-04:00,112.22226364506409,113.60587976114824,111.92364588722587,111.98336791992188,7267900,0.0,0.0,110.18765106201172,69.85291401083435,2.692887576478796,3.0893932165936633,-0.3965056401148672,1.9108110336677224
2024-03-14 00:00:00-04:00,111.22685709974147,111.83405641972935,109.00710212514035,111.5453872680664,10520500,0.0,0.0,110.21253623962403,67.1700835365746,2.5677768671813084,2.9850699467111923,-0.4172930795298839,1.925783276319134
2024-03-15 00:00:00-04:00,111.08749901780978,112.44125411218538,110.88842051337261,111.4358901977539,15362600,0.0,0.0,110.18765106201172,66.90414912603825,2.4317584327246635,2.874407643913887,-0.4426492111892233,1.9054817574457628
2024-03-18 00:00:00-04:00,111.77433013407561,113.90450197765077,111.77433013407561,113.32716369628906,11820800,0.0,0.0,110.29963417053223,67.31816558359841,2.448349756805868,2.7891960664922832,-0.34084630968641516,2.0233161709223286
2024-03-19 00:00:00-04:00,112.88919153153789,114.64110362536528,112.7199664498825,113.98413848876953,10999700,0.0,0.0,110.55196990966797,65.36864243721972,2.4858554812633145,2.7285279494464896,-0.24267246818317512,2.154906841794886
2024-03-20 00:00:00-04:00,114.08367582239968,115.97495195001586,113.83482390019645,115.92517852783203,11699600,0.0,0.0,110.9894515991211,68.42894084670438,2.6417522715610318,2.711172813869398,-0.06942054230836625,2.315532970215834
2024-03-21 00:00:00-04:00,116.45274690859529,116.8210504985601,115.3279389201985,116.16407775878906,10353500,0.0,0.0,111.44037132263183,68.1159005113808,2.7528456809981208,2.7195073872951427,0.03333829370297803,2.404029456351527
2024-03-22 00:00:00-04:00,116.38306413247072,117.11967128366864,115.30802201533692,115.337890625,7133800,0.0,0.0,111.84500465393066,58.934384930183235,2.742606550300451,2.7241272198962045,0.01847933040424632,2.340992006356829
2024-03-25 00:00:00-04:00,116.4328429031162,118.86164018428772,116.33330364940683,118.8118667602539,12103600,0.0,0.0,112.42632293701172,71.82243325448832,2.9804559652407505,2.775392968965114,0.2050629962756365,2.5566446267726985
2024-03-26 00:00:00-04:00,119.08062421548509,119.84709242177453,117.64724224592631,119.3792495727539,11870000,0.0,0.0,112.94940986633301,89.07362915915937,3.178101218795234,2.8559346189311383,0.3221665998640959,2.8539098940956755
2024-03-27 00:00:00-04:00,120.40451081153972,121.46959671430858,119.46882517185868,120.42442321777344,10782800,0.0,0.0,113.45607223510743,89.82299659445786,3.3801094863532057,2.960769592415552,0.4193398939376536,3.2316421876231747
2024-03-28 00:00:00-04:00,120.69318490744152,123.17174798035757,120.64341148416942,121.79808807373047,15367400,0.0,0.0,113.9925968170166,90.67566461828791,3.609438408290046,3.0905033555904513,0.5189350526995948,3.6746210145765734
2024-04-01 00:00:00-04:00,121.49945816225281,121.8379007202115,120.2253375556367,120.97189331054688,8419700,0.0,0.0,114.46939697265626,83.79761004352629,3.6820715892880997,3.2088170023299813,0.4732545869581184,3.9348711973425954
2024-04-02 00:00:00-04:00,119.66791530620141,122.96271237394024,119.60819327419782,122.25597381591797,15517100,0.0,0.0,114.92380027770996,85.04732024788031,3.7994507703926814,3.326943755942522,0.4725070144501595,4.2857675897200105
2024-04-03 00:00:00-04:00,121.70849359021304,123.12197826634197,117.83635832580264,118.43360900878906,22480400,0.0,0.0,115.22789726257324,67.43808928211948,3.543197941682095,3.3701945930904365,0.17300334859165867,4.309363568386989
2024-04-04 00:00:00-04:00,118.6725075074421,119.6380541939668,116.42288397336625,116.55228424072266,13815400,0.0,0.0,115.577783203125,62.55614509983094,3.151974542343069,3.326550582940963,-0.174576040597894,4.103660601284902
2024-04-05 00:00:00-04:00,116.06453268105996,118.31415613931415,115.76591493698872,117.83635711669922,9651500,0.0,0.0,115.9859001159668,65.15792448302878,2.9119737091229325,3.2436352081773574,-0.3316614990544249,3.885710059690241
2024-04-08 00:00:00-04:00,117.47800987830227,117.97571371332947,116.28352371198014,116.81108856201172,6266000,0.0,0.0,116.33578567504883,58.603726105157094,2.608966177774576,3.1167014020968016,-0.5077352243222255,3.6056141286707923
2024-04-09 00:00:00-04:00,116.8409510625684,117.96576660442012,116.35320342446055,117.4282455444336,7455400,0.0,0.0,116.6174861907959,58.52215405898486,2.3910672024922803,2.9715745621758978,-0.5805073596836174,3.4487930471381136
2024-04-10 00:00:00-04:00,116.06453807950152,117.02012857482038,115.83559855783416,116.6518325805664,6746300,0.0,0.0,116.85290031433105,51.90801372173658,2.1311639261364945,2.803492434968017,-0.6723285088315225,3.2689641136671215
2024-04-11 00:00:00-04:00,117.04998899883869,117.73682274908134,115.83559797163775,116.61201477050781,6559400,0.0,0.0,117.08433265686035,51.18859826706616,1.9000728851563622,2.6228085250056865,-0.7227356398493243,3.06345919607297
2024-04-12 00:00:00-04:00,115.85550254803337,116.16407650737594,113.2077219933291,113.48643493652344,12146000,0.0,0.0,117.1813850402832,45.62147759118298,1.4480313946670975,2.3878530989379687,-0.9398217042708712,2.90541627923725
2024-04-15 00:00:00-04:00,114.35243447769975,115.01936341211923,112.25212361147577,112.4312973022461,9637100,0.0,0.0,117.23115539550781,32.96118728159391,0.9931955279349722,2.1089215847373692,-1.115726056802397,2.80873179965823
2024-04-16 00:00:00-04:00,112.30189542394552,113.97418064903317,112.00327007882494,113.35702514648438,9291400,0.0,0.0,117.23264846801757,34.22012520026085,0.6993714087771252,1.8270115495453205,-1.1276401407681953,2.806554373148449
2024-04-17 00:00:00-04:00,113.47647830830914,113.68551301492252,112.37157514881116,112.42134857177734,7379000,0.0,0.0,117.15450897216797,28.908729065640003,0.3865564159129917,1.538920522818855,-1.1523641069058632,2.921173840566489
2024-04-18 00:00:00-04:00,112.66024443896993,113.72533038033308,111.6747929367116,111.91368865966797,8235600,0.0,0.0,116.95393447875976,22.704794939601854,0.0965711559689737,1.250450649448879,-1.1538794934799053,3.1395793984797553
2024-04-19 00:00:00-04:00,111.206952718815,112.20236044799258,110.56989237969002,112.09286499023438,9407800,0.0,0.0,116.75037384033203,24.572439113704235,-0.11743253022083877,0.9768740135149354,-1.0943065437357742,3.320269499617059
2024-04-22 00:00:00-04:00,112.58061118031337,113.11813225836985,111.23681228235122,111.4757080078125,6901700,0.0,0.0,116.55726470947266,17.90161065427975,-0.33299286950608575,0.7149006369107312,-1.047893506416817,3.5134386330382488
2024-04-23 00:00:00-04:00,112.31184916068092,113.71537002546427,112.28198814569627,113.18780517578125,6839300,0.0,0.0,116.27606163024902,32.135578564918305,-0.36150683281749707,0.4996191429650856,-0.8611259757825827,3.5483820867729183
2024-04-24 00:00:00-04:00,112.62042616841195,113.6556510840393,112.62042616841195,113.39684295654297,6157200,0.0,0.0,115.97694129943848,37.872996474404836,-0.36305171805405223,0.3270849707612581,-0.6901366888153103,3.525097673595004
2024-04-25 00:00:00-04:00,110.70924362100122,112.3715726275035,109.88305342219186,112.25212097167969,8045900,0.0,0.0,115.56832618713379,28.306280042608705,-0.45144161020222384,0.1713796545685617,-0.6228212647707856,3.4553910847239573
2024-04-26 00:00:00-04:00,111.33634717470039,112.50097233436544,110.80878232088757,112.21231079101562,6304800,0.0,0.0,115.08903732299805,30.653294073165398,-0.5187240573775256,0.033358912179344224,-0.5520829695568699,3.2012610450209595
2024-04-29 00:00:00-04:00,112.5208904954434,113.35702934175316,109.83328507296568,111.56529998779297,7151200,0.0,0.0,114.61870765686035,25.396836576966763,-0.6171402375311885,-0.09674091776276232,-0.5203993197684262,2.974434078232804
2024-04-30 00:00:00-04:00,111.48565876389111,111.52547598191543,110.29117260059255,110.58979034423828,8156600,0.0,0.0,114.03539848327637,24.979437241705938,-0.7650324273080003,-0.23039921967180993,-0.5346332076361904,2.5047034924550515
2024-05-01 00:00:00-04:00,110.77892644634912,111.47570881497224,109.7038842824521,109.97264862060547,6338400,0.0,0.0,113.61235046386719,23.843142111208167,-0.9214147371117463,-0.36860232315979724,-0.552812413951949,2.436342601897523
2024-05-02 00:00:00-04:00,110.91828372053173,112.35167328273869,110.05227626097198,112.10282135009766,6799800,0.0,0.0,113.38987731933594,44.08511809672784,-0.8635077280570442,-0.4675834041392467,-0.3959243239177975,2.3555658805527933
2024-05-03 00:00:00-04:00,113.01859460305036,113.58597670551423,112.28199500909128,113.13804626464844,7411100,0.0,0.0,113.1549617767334,53.026470632437125,-0.7257164003940915,-0.5192100033902157,-0.20650639700387574,2.1102962099827653
2024-05-06 00:00:00-04:00,114.27280586777887,116.40297771716644,113.62578935030515,115.93513488769531,16303200,0.0,0.0,113.11116409301758,59.51508591560718,-0.38636038286077223,-0.49264007928432707,0.10627969642355484,2.0382834173365416
2024-05-07 00:00:00-04:00,106.75747235819453,107.38457645486127,103.73143213713816,104.90601348876953,55084600,0.0,0.0,112.48505249023438,34.10524664823292,-0.995896145871626,-0.5932912926017869,-0.4026048532698391,2.5108645595934944
2024-05-08 00:00:00-04:00,104.41826660298884,105.99101255178253,103.96037998391431,104.9557876586914,15238100,0.0,0.0,111.90025024414062,34.99355634479545,-1.4581328224718817,-0.7662595985758058,-0.6918732238960759,2.8309592491575826
2024-05-09 00:00:00-04:00,104.1395589008055,105.64261909729045,103.9106117825877,105.31414031982422,15096000,0.0,0.0,111.33535652160644,35.492122647840574,-1.77508062949029,-0.9680238047587026,-0.8070568247315875,2.965293060563569
2024-05-10 00:00:00-04:00,106.42899195332878,106.52853120678782,104.93588036836842,105.30418395996094,15884600,0.0,0.0,110.92624397277832,36.439203284710445,-2.0039669613657054,-1.1752124360801033,-0.8287545252856021,3.207448061970709
2024-05-13 00:00:00-04:00,105.10509844715035,106.1502796002177,105.10509844715035,105.34400177001953,9666400,0.0,0.0,110.57187919616699,31.397571866392937,-2.1572802797094113,-1.371626004805965,-0.7856542749034463,3.4170739477405503
2024-05-14 00:00:00-04:00,104.8164374779967,105.50326365062102,104.46803869544367,104.86620330810547,11278400,0.0,0.0,110.14733810424805,30.02332608204722,-2.290928138282837,-1.5554864315013395,-0.7354417067814973,3.576564725827955
2024-05-15 00:00:00-04:00,105.13496021551576,105.39376074024244,100.92438245488317,102.29804229736328,20745600,0.0,0.0,109.64117279052735,28.146861287362782,-2.574398100833676,-1.759268765367807,-0.8151293354658691,3.9360730101538173
2024-05-16 00:00:00-04:00,102.56680783376757,103.55225930646634,102.36772174197729,102.89529418945312,9476700,0.0,0.0,109.1902530670166,30.0341505619932,-2.719508056160251,-1.9513166235262958,-0.7681914326339552,4.171562384753274
2024-05-17 00:00:00-04:00,103.15410059308249,103.34323049246696,102.5668136761535,102.77584838867188,7356000,0.0,0.0,108.72440223693847,30.728958442968775,-2.8117350872486924,-2.123400316270775,-0.6883347709779173,4.346903394801231
2024-05-20 00:00:00-04:00,102.8554776948158,103.19391266170379,102.04919230751821,102.42745208740234,7667400,0.0,0.0,108.27198944091796,31.597873455902487,-2.879742465128686,-2.2746687460423574,-0.6050737190863287,4.51316299594741
2024-05-21 00:00:00-04:00,102.51703675090262,103.22377530557537,102.24828001380207,102.53694915771484,7333300,0.0,0.0,107.73944664001465,32.84337990760254,-2.891472211817387,-2.3980294391973636,-0.49344277262002345,4.530932112460238
2024-05-22 00:00:00-04:00,102.50708826322813,103.35318328915602,102.27814115076482,102.5468978881836,7190300,0.0,0.0,107.19694938659669,25.560092037420645,-2.8669173030965567,-2.491807011977202,-0.3751102911193547,4.467001433938109
2024-05-23 00:00:00-04:00,102.50709191889106,102.53695293585162,99.80953027329328,100.19774627685547,10504000,0.0,0.0,106.59423065185547,18.98857442712152,-3.0024044142264046,-2.593926492427043,-0.4084779217993617,4.56125918301374
2024-05-24 00:00:00-04:00,100.38686183887017,101.6211652212611,100.22760056099288,101.29268646240234,6447600,0.0,0.0,106.04824943542481,11.792235156682068,-2.986994194022671,-2.6725400327461686,-0.3144541612765024,4.506593169584174
2024-05-28 00:00:00-04:00,100.89452421577253,102.38763575298974,100.48640341697467,101.96956634521484,7813100,0.0,0.0,105.5684627532959,33.333391070287234,-2.886884723792278,-2.7154089709553904,-0.17147575283688754,4.39779945973417
2024-05-29 00:00:00-04:00,101.29268878737494,101.6112189447986,100.30722970510597,100.4167251586914,7376300,0.0,0.0,105.05980949401855,27.992293988482416,-2.899425777963586,-2.7522123323570296,-0.14721344560655636,4.374713635003092
2024-05-30 00:00:00-04:00,100.6755376608803,101.60126715774973,100.50632016865944,101.23296356201172,7303700,0.0,0.0,104.62282524108886,31.053603912479247,-2.811096465975808,-2.7639891590807855,-0.04710730689502274,4.293899743484203
2024-05-31 00:00:00-04:00,101.0537842125623,103.60203303451178,100.94429635470108,103.43281555175781,14735800,0.0,0.0,104.18932495117187,42.78033721821463,-2.534370533287955,-2.7180654339222197,0.18369490063426452,3.9204004654300078
2024-06-03 00:00:00-04:00,103.69161454596563,103.74138796691342,102.00938075781104,102.29804229736328,6908600,0.0,0.0,103.64732475280762,39.164278269932254,-2.379203973461003,-2.6502931418299767,0.2710891683689738,3.32172520970751
2024-06-04 00:00:00-04:00,101.64107780671252,103.01473765755269,101.16327878352239,102.85547637939453,7269100,0.0,0.0,102.99334182739258,42.88732310741531,-2.1860536197768425,-2.55744523741935,0.3713916176425074,1.6339519674712621
2024-06-05 00:00:00-04:00,102.52699369984894,102.60662813896079,100.5660393042788,101.03388214111328,10796900,0.0,0.0,102.79973526000977,45.27884277853505,-2.155125064020794,-2.4769812027396387,0.3218561387188448,1.6247701202146625
2024-06-06 00:00:00-04:00,100.58594746309501,101.46190347325594,100.3470441558493,100.74520874023438,10294700,0.0,0.0,102.58920631408691,41.780809133108335,-2.1293615373416372,-2.4074572696600383,0.278095732318401,1.6033476403495792
2024-06-07 00:00:00-04:00,100.39682240348286,101.80034332782796,100.0882484430693,101.07369995117188,6047800,0.0,0.0,102.3771842956543,43.59550987554098,-2.0587057826624857,-2.337706972260528,0.2790011895980422,1.501160549898929
2024-06-10 00:00:00-04:00,100.78503307915136,102.37768393486382,100.1778337537925,102.2681884765625,7633100,0.0,0.0,102.22538452148437,49.436626028174366,-1.8846008414136008,-2.247085746091143,0.362484904677542,1.3337692248868818
2024-06-11 00:00:00-04:00,102.16864469807452,102.40754041726369,100.27736856812845,100.40677642822266,9134200,0.0,0.0,101.97852325439453,43.29574356097861,-1.875205613904825,-2.1727097196538794,0.2975041057490544,1.1734478821446055
2024-06-12 00:00:00-04:00,100.73525416442777,101.22300939549851,99.78961990630074,100.33709716796875,9041800,0.0,0.0,101.7520679473877,43.07118255154098,-1.8520332756329623,-2.108574430849696,0.2565411552167336,1.0128792231541899
2024-06-13 00:00:00-04:00,100.14797210628225,100.6058587497691,99.15256437843479,99.63035583496094,10164600,0.0,0.0,101.61868362426758,48.01667752081624,-1.8691507434304668,-2.06068969336585,0.19153894993538323,1.1083489104199842
2024-06-14 00:00:00-04:00,99.35164115520715,99.91902324642008,98.79421526751952,99.51091003417969,7087600,0.0,0.0,101.4494644165039,43.31593778817275,-1.870789441699614,-2.022709643032603,0.151920201332989,1.1603216660128859
2024-06-17 00:00:00-04:00,100.51627375185832,101.45195183374075,100.15792636922824,101.05378723144531,10389000,0.0,0.0,101.36336135864258,46.77418574614339,-1.7276752614539674,-1.9637027667168758,0.2360275052629084,1.1199053593813377
2024-06-18 00:00:00-04:00,100.65562994686915,101.29269027104773,100.14796989047876,101.03388214111328,7044700,0.0,0.0,101.29368286132812,52.437119708456706,-1.5974480304452072,-1.8904518194625424,0.29300378901733515,1.093250534233649
2024-06-20 00:00:00-04:00,100.1081500414513,101.47186129657914,99.91902015211794,101.372314453125,7886900,0.0,0.0,101.23545112609864,50.57186958931216,-1.4502161632500048,-1.8024046882200349,0.35218852497003006,1.0538498601039608
2024-06-21 00:00:00-04:00,101.33250352096798,102.06910306800148,101.12346122789894,101.80033874511719,14144900,0.0,0.0,101.19812316894532,42.16057822934848,-1.2841924928583808,-1.6987622491477041,0.41456975628932335,1.017549401615007
2024-06-24 00:00:00-04:00,101.78043734055086,102.60662755432303,101.44200236779102,101.51168060302734,7393600,0.0,0.0,101.26381988525391,45.889747777983374,-1.1625091556771423,-1.591511630453592,0.4290024747764496,0.9916486028029626
2024-06-25 00:00:00-04:00,102.18856135375027,103.20387389828977,101.30264148596919,101.73066711425781,10343700,0.0,0.0,101.28571891784668,43.905064677892106,-1.0364562307141796,-1.4805005505057096,0.44404431979153003,0.9971404847642734
2024-06-26 00:00:00-04:00,101.43204907498276,101.89989192257637,100.96420622738914,101.71076202392578,10122300,0.0,0.0,101.27277870178223,54.55767160106195,-0.9274732200065614,-1.3698950844058801,0.44242186439931874,0.9894485209085462
2024-06-27 00:00:00-04:00,101.57140539349714,101.81030112160174,101.34245827472647,101.7008056640625,8365200,0.0,0.0,101.33698272705078,56.685298023425126,-0.8323124144554015,-1.2623785504157845,0.430066135960383,0.972492603398226
2024-06-28 00:00:00-04:00,101.55148888397663,102.10892235284771,97.9282055109254,98.83403015136719,21439400,0.0,0.0,101.21703605651855,38.4377732439522,-0.9769598308972292,-1.2052948065120734,0.22833497561484428,1.122387092987914
2024-07-01 00:00:00-04:00,98.94353021030523,99.28196519434007,97.43050620282695,97.58977508544922,15299000,0.0,0.0,100.92488403320313,25.971302350404756,-1.1784109478306135,-1.1999180347757814,0.021507086945167897,1.2664827014794213
2024-07-02 00:00:00-04:00,97.490235085857,97.54000091552734,96.50477596946995,97.54000091552734,13340300,0.0,0.0,100.68698196411133,31.90947273956273,-1.3267844239649946,-1.2252913126136242,-0.1014931113513704,1.4311480934461762
2024-07-03 00:00:00-04:00,97.39068211510613,98.62499308532188,97.38073350641245,98.15715026855469,5030000,0.0,0.0,100.45206565856934,37.132710556464225,-1.3786801115898726,-1.255969072408874,-0.12271103918099868,1.4420285311553789
2024-07-05 00:00:00-04:00,97.85853108397899,97.85853108397899,97.13188769705411,97.54000091552734,8550800,0.0,0.0,100.27737159729004,37.52964126446335,-1.4528589592686387,-1.295347049780827,-0.15751190948781169,1.5734763683947866
2024-07-08 00:00:00-04:00,97.69000244140625,98.29000091552734,96.88999938964844,97.37000274658203,8167600,0.45,0.0,100.10861129760742,37.304635719643606,-1.5079806003086702,-1.3378737598863957,-0.17010684042227453,1.696824449295456
2024-07-09 00:00:00-04:00,97.47000122070312,97.52999877929688,96.1500015258789,97.05000305175781,9044400,0.0,0.0,99.90742645263671,22.230535911964722,-1.5595091482854713,-1.382200837566211,-0.17730831071926034,1.8110658751457658
2024-07-10 00:00:00-04:00,96.94999694824219,97.27999877929688,96.25,96.97000122070312,7761100,0.0,0.0,99.64251708984375,22.04674575527592,-1.5884902462057227,-1.4234587192941133,-0.16503152691160938,1.8349094732856501
2024-07-11 00:00:00-04:00,97.01000213623047,97.58000183105469,96.30000305175781,96.5999984741211,7422600,0.0,0.0,99.45217819213867,17.315753117590077,-1.6226096702728086,-1.4632889094898525,-0.1593207607829561,1.9455646183460877
2024-07-12 00:00:00-04:00,97.0999984741211,97.83000183105469,96.9800033569336,97.12999725341797,6465700,0.0,0.0,99.29182319641113,18.454767978150528,-1.5885710295806206,-1.4883453335080061,-0.10022569607261445,2.000189204528321
2024-07-15 00:00:00-04:00,97.33000183105469,97.48999786376953,96.5999984741211,96.87000274658203,7417700,0.0,0.0,99.15380554199218,18.52650442102474,-1.5645395078790045,-1.503584168382206,-0.060955339496798544,2.0696301819349014
2024-07-16 00:00:00-04:00,97.0199966430664,98.72000122070312,96.54000091552734,98.47000122070312,10755500,0.0,0.0,99.10176010131836,31.378177476841557,-1.4002466766116157,-1.482916670028088,0.0826699934164723,2.0732621496609287
2024-07-17 00:00:00-04:00,98.30000305175781,98.61000061035156,96.52999877929688,97.30999755859375,9456100,0.0,0.0,98.91457061767578,27.762815496177623,-1.3481058995007515,-1.4559545159226208,0.10784861642186927,2.056684965771096
2024-07-18 00:00:00-04:00,97.36000061035156,98.05999755859375,96.68000030517578,96.79000091552734,7529400,0.0,0.0,98.70237655639649,26.401929291099904,-1.3333730468009293,-1.4314382220982826,0.09806517529735337,2.0454171703336206
2024-07-19 00:00:00-04:00,96.81999969482422,96.81999969482422,95.44000244140625,95.73999786376953,9301000,0.0,0.0,98.4207607269287,31.9869875249736,-1.390396006258399,-1.423229778930306,0.03283377267190701,2.046201439011256
2024-07-22 00:00:00-04:00,95.11000061035156,95.16000366210938,93.48999786376953,94.12999725341797,13377000,0.0,0.0,98.03724365234375,30.680420030878608,-1.5476602424852075,-1.4481158716412863,-0.0995443708439212,2.0976084493116636
2024-07-23 00:00:00-04:00,90.69999694824219,91.69000244140625,89.83000183105469,90.94000244140625,22534700,0.0,0.0,97.5086597442627,22.71440674277372,-1.9077083300315394,-1.5400343633193372,-0.3676739667122022,2.4741863590849533
2024-07-24 00:00:00-04:00,90.22000122070312,90.75,89.58000183105469,89.80000305175781,11768500,0.0,0.0,96.9121265411377,16.881773226247688,-2.2589971438927137,-1.6838269194340125,-0.5751702244587011,2.817159535980531
2024-07-25 00:00:00-04:00,90.08000183105469,90.5,89.20999908447266,89.20999908447266,10765300,0.0,0.0,96.28708839416504,16.91817214439982,-2.55554570890763,-1.858170677328736,-0.6973750315788938,3.0717197337440107
2024-07-26 00:00:00-04:00,90.0,90.55000305175781,89.33999633789062,89.93000030517578,11301900,0.0,0.0,95.6985481262207,21.689487111896625,-2.7013253053856516,-2.0268016029401195,-0.6745237024455322,3.107295504417734
2024-07-29 00:00:00-04:00,90.38999938964844,92.55000305175781,90.19000244140625,92.13999938964844,13024800,0.0,0.0,95.36384658813476,33.66598782139398,-2.608459531723767,-2.143133188696849,-0.4653263430269181,3.1123010684457295
2024-07-30 00:00:00-04:00,91.66999816894531,94.04000091552734,91.66999816894531,93.79000091552734,9896100,0.0,0.0,95.17385787963867,40.42168494734109,-2.374351359049925,-2.189376822767464,-0.18497453628246063,3.0851278162656794
2024-07-31 00:00:00-04:00,93.79000091552734,94.83999633789062,93.63999938964844,93.69000244140625,10241800,0.0,0.0,94.98135795593262,41.090027354636156,-2.1718522261549964,-2.185871903444971,0.014019677289974553,3.049627491436492
2024-08-01 00:00:00-04:00,93.86000061035156,93.94999694824219,92.5999984741211,93.05000305175781,9263600,0.0,0.0,94.72600059509277,37.59125459492497,-2.0395026890023757,-2.156598060556452,0.11709537155407634,2.9827985465105926
2024-08-02 00:00:00-04:00,92.16000366210938,92.19999694824219,89.0,89.56999969482422,15433600,0.0,0.0,94.32750053405762,31.434380234050835,-2.190174941199416,-2.163313436685045,-0.02686150451437097,3.1164618747574044
2024-08-05 00:00:00-04:00,86.88999938964844,89.55999755859375,86.41999816894531,87.77999877929688,19103200,0.0,0.0,93.84800033569336,23.073049988853796,-2.4260558392739284,-2.2158619172028216,-0.21019392207110688,3.352523860194257
2024-08-06 00:00:00-04:00,88.2300033569336,91.91000366210938,87.95999908447266,89.97000122070312,21717500,0.0,0.0,93.49400024414062,32.42338452724074,-2.408514401251196,-2.2543924140124965,-0.15412198723869963,3.3703712342462593
2024-08-07 00:00:00-04:00,88.0,89.23999786376953,85.75,85.95999908447266,30581900,0.0,0.0,92.9435001373291,27.7800631514489,-2.687209862086519,-2.340955903627301,-0.3462539584592177,3.6594954081912476
2024-08-08 00:00:00-04:00,85.1500015258789,86.33000183105469,83.91000366210938,85.95999908447266,21890500,0.0,0.0,92.41150016784668,29.03088398874567,-2.8749375324038056,-2.447752229382602,-0.4271853030212034,3.8674420604416015
2024-08-09 00:00:00-04:00,86.12999725341797,86.25,84.70999908447266,86.20999908447266,16008400,0.0,0.0,91.86550025939941,31.967222797013008,-2.9693117751606053,-2.552064138538203,-0.4172476366224025,3.9364500215204545
2024-08-12 00:00:00-04:00,85.86000061035156,86.37999725341797,85.4800033569336,85.94999694824219,11754600,0.0,0.0,91.31949996948242,36.88911767700944,-3.0301543092686813,-2.647682172684299,-0.3824721365843824,3.9630061995445764
2024-08-13 00:00:00-04:00,86.45999908447266,86.45999908447266,85.30999755859375,85.5999984741211,14615200,0.0,0.0,90.67599983215332,38.48683783992923,-3.071211394505255,-2.7323880170484904,-0.3388233774567646,3.781562788137
2024-08-14 00:00:00-04:00,86.01000213623047,86.54000091552734,85.55999755859375,86.30000305175781,9475100,0.0,0.0,90.12550010681153,42.07086143075779,-3.0125382454687895,-2.7884180627325503,-0.22412018273623913,3.5598828213078724
2024-08-15 00:00:00-04:00,87.25,88.93000030517578,87.20999908447266,88.79000091552734,12401000,0.0,0.0,89.72550010681152,47.16700098969729,-2.7336060256612456,-2.7774556553182896,0.04384962965704409,3.2032100296582624
2024-08-16 00:00:00-04:00,88.95999908447266,89.66999816894531,88.33999633789062,89.30000305175781,10277700,0.0,0.0,89.40350036621093,42.29100361671143,-2.4432332496949556,-2.710611174193623,0.2673779244986676,2.8735062316604045
2024-08-19 00:00:00-04:00,89.41000366210938,90.94999694824219,89.41000366210938,90.81999969482422,9723600,0.0,0.0,89.23800048828124,41.88080964148119,-2.0666368041241014,-2.581816300179719,0.5151794960556177,2.6754499526712356
2024-08-20 00:00:00-04:00,90.38999938964844,90.66999816894531,89.30999755859375,89.73999786376953,8863400,0.0,0.0,89.17800025939941,39.75090259997094,-1.8341851845259498,-2.4322900770489655,0.5981048925230157,2.648592542851871
2024-08-21 00:00:00-04:00,90.22000122070312,90.77999877929688,89.43000030517578,90.72000122070312,7637600,0.0,0.0,89.22400016784668,44.059153631993475,-1.5529856685096206,-2.2564291953410964,0.7034435268314758,2.6678827241089125
2024-08-22 00:00:00-04:00,90.98999786376953,91.37999725341797,89.69999694824219,89.91999816894531,7613000,0.0,0.0,89.2595001220703,51.03366258819649,-1.3787927222722658,-2.0809019007273304,0.7021091784550646,2.6724065501319716
2024-08-23 00:00:00-04:00,90.1500015258789,90.75,89.68000030517578,90.55999755859375,7369200,0.0,0.0,89.2909999847412,58.80860680030827,-1.1755499473021445,-1.8998315100422933,0.7242815627401489,2.684411695565332
2024-08-26 00:00:00-04:00,90.91999816894531,91.80000305175781,90.91999816894531,91.77999877929688,8043800,0.0,0.0,89.27299995422364,56.11072245821867,-0.905595539650605,-1.700984315963956,0.7953887763133509,2.665442535022498
2024-08-27 00:00:00-04:00,91.43000030517578,91.72000122070312,90.75,90.9000015258789,7237400,0.0,0.0,89.12849998474121,71.14725635923972,-0.7539718326219287,-1.5115818192955506,0.7576099866736219,2.4795301533787844
2024-08-28 00:00:00-04:00,90.33000183105469,90.62000274658203,88.76000213623047,89.48999786376953,8569700,0.0,0.0,88.91849975585937,63.4835586402088,-0.7390649829799969,-1.35707845203244,0.618013469052443,2.239063478808543
2024-08-29 00:00:00-04:00,90.44999694824219,90.69999694824219,89.62999725341797,89.80999755859375,6181800,0.0,0.0,88.75649948120117,63.67779401695974,-0.6934363931266603,-1.2243500402512841,0.5309136471246239,2.032049355091451
2024-08-30 00:00:00-04:00,89.9800033569336,90.44999694824219,89.4000015258789,90.37999725341797,8403600,0.0,0.0,88.79699935913087,66.44393984620012,-0.6043150277783553,-1.1003430377566983,0.49602800997834295,2.0570344605460527
2024-09-03 00:00:00-04:00,89.61000061035156,90.48999786376953,88.54000091552734,89.12999725341797,8465500,0.0,0.0,88.86449928283692,62.28251993887994,-0.6273189150094112,-1.005738213207241,0.3784192981978298,2.0440143331691343
2024-09-04 00:00:00-04:00,88.94999694824219,90.0199966430664,88.81999969482422,89.25,6317200,0.0,0.0,88.82849922180176,60.69613894230875,-0.6286201014031718,-0.9303145908464272,0.3016944894432554,2.02981012166465
2024-09-05 00:00:00-04:00,89.66999816894531,89.66999816894531,88.33999633789062,88.6500015258789,6234100,0.0,0.0,88.96299934387207,49.41176772294164,-0.6703389137338149,-0.8783194554239048,0.20798054169008984,1.9156449539609786
2024-09-06 00:00:00-04:00,88.44999694824219,89.08999633789062,87.72000122070312,87.94000244140625,7791500,0.0,0.0,89.06199951171875,44.38016560191479,-0.7520235066148189,-0.8530602656620877,0.10103675904726883,1.7999518654809001
2024-09-09 00:00:00-04:00,88.22000122070312,88.88999938964844,87.80999755859375,88.33999633789062,8750200,0.0,0.0,89.16849937438965,38.706727692539665,-0.7755429935499905,-0.8375568112396683,0.06201381768967784,1.6814349350283617
2024-09-10 00:00:00-04:00,88.33000183105469,88.88999938964844,87.9800033569336,88.4000015258789,6858300,0.0,0.0,89.29099960327149,43.27311528804009,-0.7803451065679639,-0.8261144703053275,0.04576936373736362,1.5156890100487597
2024-09-11 00:00:00-04:00,88.05000305175781,88.43000030517578,86.58999633789062,88.31999969482422,10779000,0.0,0.0,89.42699966430663,36.75496605089797,-0.7815965365485766,-0.8172108835539773,0.03561434700540067,1.269031571986102
2024-09-12 00:00:00-04:00,88.22000122070312,89.33000183105469,88.18000030517578,89.30000305175781,7181700,0.0,0.0,89.57699966430664,46.645050061679164,-0.6954930126293135,-0.7928673093690446,0.09737429673973108,1.035841935918991
2024-09-13 00:00:00-04:00,89.44999694824219,90.72000122070312,89.38999938964844,90.55000305175781,7084200,0.0,0.0,89.66499977111816,49.94926649419856,-0.5203920407537765,-0.7383722556459911,0.21798021489221453,1.040214805584683
2024-09-16 00:00:00-04:00,91.0999984741211,92.37000274658203,90.94999694824219,91.8499984741211,9028600,0.0,0.0,89.79249954223633,50.35246572342869,-0.2735709374632762,-0.6454119920094481,0.3718410545461719,1.1442019256754967
2024-09-17 00:00:00-04:00,92.37000274658203,93.25,92.16999816894531,92.86000061035156,8193100,0.0,0.0,89.89449958801269,59.741541121732766,0.003495008317898396,-0.5156305919439788,0.5191256002618772,1.3183021165643523
2024-09-18 00:00:00-04:00,93.5199966430664,94.06999969482422,92.69000244140625,93.58000183105469,10289800,0.0,0.0,90.08649978637695,71.82498809179697,0.2779656329225588,-0.3569113469706713,0.6348769798932301,1.5533031597798261
2024-09-19 00:00:00-04:00,94.81999969482422,95.29000091552734,93.31999969482422,93.44999694824219,10912400,0.0,0.0,90.2229995727539,69.82568760066553,0.47946826117282626,-0.1896354253419718,0.6691036865147981,1.722626646087775
2024-09-20 00:00:00-04:00,93.19999694824219,94.01000213623047,92.81999969482422,93.75,19251500,0.0,0.0,90.41449966430665,68.91132702489098,0.65580853232197,-0.02054663380918345,0.6763551661311534,1.8917533657014214
2024-09-23 00:00:00-04:00,93.69999694824219,93.69999694824219,92.16000366210938,92.97000122070312,7338700,0.0,0.0,90.53499984741211,72.7488115243494,0.7242711380667544,0.12841692056600412,0.5958542175007502,1.9763722457433035
2024-09-24 00:00:00-04:00,93.33999633789062,93.79000091552734,92.45999908447266,93.69000244140625,7860300,0.0,0.0,90.63050003051758,74.55751241463358,0.8270921244121325,0.26815196133522984,0.5589401630769026,2.082969933701649
2024-09-25 00:00:00-04:00,93.63999938964844,94.44000244140625,93.3499984741211,93.91999816894531,8408200,0.0,0.0,90.7814998626709,80.3921171775659,0.9165715634959639,0.39783588176737666,0.5187356817285873,2.2091753535259877
2024-09-26 00:00:00-04:00,94.45999908447266,95.79000091552734,94.18000030517578,95.19999694824219,10061600,0.0,0.0,91.06699981689454,89.2856612055427,1.0783394418845234,0.533936593790806,0.5444028480937173,2.394660658463987
2024-09-27 00:00:00-04:00,95.48999786376953,96.9000015258789,95.27999877929688,96.01000213623047,10155400,0.0,0.0,91.37700004577637,89.74089356262061,1.2574076870497493,0.6786308124425948,0.5787768746071544,2.614582669004946
2024-09-30 00:00:00-04:00,96.8499984741211,97.56999969482422,95.44000244140625,96.19000244140625,7982300,0.0,0.0,91.66750030517578,89.8668957304336,1.397732887098627,0.8224512273738012,0.5752816597248258,2.8132017497048425
2024-10-01 00:00:00-04:00,95.19000244140625,95.8499984741211,93.31999969482422,94.05000305175781,10099200,0.0,0.0,91.91350059509277,74.21808442372965,1.321033501215112,0.9221676821420633,0.39886581907304863,2.7946852977271273
2024-10-02 00:00:00-04:00,93.58999633789062,94.58000183105469,93.58999633789062,94.1500015258789,6144200,0.0,0.0,92.15850067138672,72.14610249582125,1.2538639631882234,0.9885069383512954,0.2653570248369279,2.763505140777577
2024-10-03 00:00:00-04:00,93.61000061035156,94.08999633789062,93.12999725341797,93.62999725341797,6180300,0.0,0.0,92.40750045776367,65.06845173441667,1.1454673864387956,1.0198990279687956,0.12556835847000003,2.652882946845037
2024-10-04 00:00:00-04:00,94.30000305175781,95.33999633789062,93.88999938964844,95.1500015258789,6308900,0.0,0.0,92.7680004119873,65.80458552142146,1.1687414362310022,1.0496675096212371,0.11907392660976512,2.499279263540566
2024-10-07 00:00:00-04:00,95.08999633789062,95.13999938964844,91.76000213623047,92.38999938964844,11043600,0.0,0.0,92.97050056457519,48.07218811218135,0.9534859893178123,1.0304312055605522,-0.07694521624273998,2.275696288620989
2024-10-08 00:00:00-04:00,92.5199966430664,93.73999786376953,91.69000244140625,92.51000213623047,10209100,0.0,0.0,93.17600059509277,45.38396065635065,0.7835454908730952,0.9810540626230609,-0.19750857174996572,2.0114811308003744
2024-10-09 00:00:00-04:00,91.86000061035156,94.01000213623047,91.45999908447266,93.5999984741211,8654500,0.0,0.0,93.44000053405762,50.597615132328855,0.7284232071840364,0.9305278915352561,-0.20210468435121964,1.655615334078724
2024-10-10 00:00:00-04:00,93.72000122070312,93.87999725341797,92.69000244140625,92.98999786376953,6698000,0.0,0.0,93.6245002746582,47.04509467621666,0.6282740962636097,0.8700771324809268,-0.24180303621731702,1.3467758911461825
2024-10-11 00:00:00-04:00,92.8499984741211,94.61000061035156,92.80000305175781,94.12999725341797,8089100,0.0,0.0,93.80349998474121,54.38727403993483,0.6335899966111498,0.8227797053069714,-0.18918970869582163,1.1384309797213306
2024-10-14 00:00:00-04:00,94.18000030517578,95.19000244140625,93.80000305175781,94.97000122070312,6262000,0.0,0.0,93.95950012207031,54.79759245342585,0.6975433404661828,0.7977324323388137,-0.10018909187263092,1.0682576305852238
2024-10-15 00:00:00-04:00,95.25,95.6500015258789,93.68000030517578,94.22000122070312,6535800,0.0,0.0,94.02750015258789,51.082260852333405,0.6798709649626602,0.774160138863583,-0.09428917390092284,1.037425824967458
2024-10-16 00:00:00-04:00,93.7300033569336,96.79000091552734,93.62999725341797,96.75,9936300,0.0,0.0,94.18600006103516,55.12905831860641,0.860100533899967,0.79134821787086,0.06875231602910703,1.1955641864762272
2024-10-17 00:00:00-04:00,96.93000030517578,97.33000183105469,95.61000061035156,96.54000091552734,9542500,0.0,0.0,94.34050025939942,51.826321235677156,0.9747522574239724,0.8280290257814825,0.1467232316424899,1.2912726070925384
2024-10-18 00:00:00-04:00,97.01000213623047,97.54000091552734,96.05000305175781,97.27999877929688,8609700,0.0,0.0,94.51700019836426,53.61644262819603,1.1125019871246877,0.8849236180501237,0.22757836907456408,1.4391011521041117
2024-10-21 00:00:00-04:00,97.19999694824219,97.44999694824219,95.94999694824219,96.62000274658203,8189900,0.0,0.0,94.6995002746582,59.45547808893547,1.155098223031203,0.9389585390463395,0.2161396839848635,1.4638183435928627
2024-10-22 00:00:00-04:00,96.19999694824219,97.26000213623047,96.19999694824219,96.73999786376953,5344300,0.0,0.0,94.85200004577636,59.51504857362281,1.184880089878547,0.9881428492127811,0.19673724066576592,1.51122013530627
2024-10-23 00:00:00-04:00,96.93000030517578,97.13999938964844,95.98999786376953,96.23999786376953,5388500,0.0,0.0,94.96800003051757,59.60265383984892,1.1548245144469291,1.0214791822596108,0.13334533218731837,1.5248939594691546
2024-10-24 00:00:00-04:00,96.5999984741211,96.80000305175781,95.25,95.4000015258789,5015300,0.0,0.0,94.97800025939941,50.96824254286589,1.051108050736346,1.0274049559549578,0.0237030947813881,1.5271496117292591
2024-10-25 00:00:00-04:00,95.80999755859375,96.8499984741211,95.01000213623047,95.02999877929688,6638100,0.0,0.0,94.92900009155274,62.54753871994291,0.9283543851304898,1.0075948417900644,-0.07924045665957458,1.5078948106339722
2024-10-28 00:00:00-04:00,95.22000122070312,96.69000244140625,95.20999908447266,96.19999694824219,8146400,0.0,0.0,94.92949981689453,65.94641216853796,0.9149335109092078,0.9890625756138931,-0.07412906470468528,1.5083363007609347
2024-10-29 00:00:00-04:00,96.26000213623047,96.62000274658203,95.68000030517578,96.12999725341797,6834400,0.0,0.0,95.03349952697754,61.990529415508156,0.8884079670073106,0.9689316538925767,-0.08052368688526612,1.5161906953549351
2024-10-30 00:00:00-04:00,95.69999694824219,96.70999908447266,94.94000244140625,95.08000183105469,7718200,0.0,0.0,95.07999954223632,59.50867732191861,0.7737412198072633,0.9298935670755142,-0.1561523472682509,1.5018619844589154
2024-10-31 00:00:00-04:00,95.2699966430664,96.62999725341797,95.0,96.19999694824219,8147700,0.0,0.0,95.20849952697753,59.43483948681962,0.764429376280205,0.8968007289164525,-0.13237135263624744,1.481070765166842
2024-11-01 00:00:00-04:00,95.69999694824219,96.38999938964844,94.83000183105469,95.80999755859375,7944900,0.0,0.0,95.24149932861329,53.99238799194126,0.7173112640715971,0.8609028359474815,-0.14359157187588445,1.4870394421016127
2024-11-04 00:00:00-05:00,95.83000183105469,96.0199966430664,95.02999877929688,95.79000091552734,6088000,0.0,0.0,95.41149940490723,58.018408794949465,0.6706257030473495,0.8228474093674552,-0.15222170632010568,1.329943435977303
2024-11-05 00:00:00-05:00,95.5999984741211,96.66999816894531,95.25,96.62999725341797,6561700,0.0,0.0,95.6174991607666,49.25923937461323,0.6934144932669568,0.7969608261473555,-0.10354633288039872,1.165819655943204
2024-11-06 00:00:00-05:00,98.20999908447266,99.55000305175781,98.20999908447266,98.88999938964844,11325100,0.0,0.0,95.88199920654297,61.57638022906289,0.8836518697677604,0.8142990348714365,0.06935283489632393,1.2786365513103417
2024-11-07 00:00:00-05:00,98.77999877929688,99.5199966430664,98.12999725341797,98.93000030517578,7805100,0.0,0.0,96.17899932861329,58.73019076768067,1.0258190968145016,0.8566030472600495,0.16921604955445202,1.2612811919267837
2024-11-08 00:00:00-05:00,98.7300033569336,99.26000213623047,97.61000061035156,99.0199966430664,7982100,0.0,0.0,96.4234992980957,63.51351815766774,1.1326926253374126,0.9118209628755222,0.22087166246189038,1.3159552502408651
2024-11-11 00:00:00-05:00,99.0,100.9000015258789,99.0,100.86000061035156,9137900,0.0,0.0,96.71799926757812,69.43400599268297,1.3502982120223948,0.9995164127048968,0.350781799317498,1.601616104607996
2024-11-12 00:00:00-05:00,100.55000305175781,101.29000091552734,99.5,100.98999786376953,9366200,0.0,0.0,97.05649909973144,73.21607560498305,1.5157690569967173,1.102766941563261,0.4130021154334562,1.7540426061645051
2024-11-13 00:00:00-05:00,100.79000091552734,103.19999694824219,100.3499984741211,102.72000122070312,17701300,0.0,0.0,97.3549991607666,82.91370472700527,1.766143701253398,1.2354422935012885,0.5307014077521095,2.1601158919679957
2024-11-14 00:00:00-05:00,110.33000183105469,114.80999755859375,108.4000015258789,109.12000274658203,47436100,0.0,0.0,97.98399925231934,91.07876166152775,2.45272061034224,1.478897956869479,0.9738226534727612,3.3911198088301124
2024-11-15 00:00:00-05:00,110.25,115.19000244140625,110.25,115.08000183105469,32048000,0.0,0.0,98.87399940490722,93.02647199760199,3.438127282488381,1.8707438219932595,1.5673834604951213,5.101237515869315
2024-11-18 00:00:00-05:00,113.33000183105469,115.44000244140625,112.88999938964844,113.54000091552734,14236600,0.0,0.0,99.71999931335449,87.18498993284435,4.048139533415622,2.3062229642777323,1.7419165691378895,6.026811333510366
2024-11-19 00:00:00-05:00,112.05000305175781,112.5,110.81999969482422,112.41999816894531,12166800,0.0,0.0,100.50399932861328,86.92504151002251,4.390591766939963,2.7230967248101785,1.6674950421297843,6.610370974376922
2024-11-20 00:00:00-05:00,112.26000213623047,114.37000274658203,111.47000122070312,114.26000213623047,9319300,0.0,0.0,101.40499954223633,87.314053247489,4.755640508351391,3.129605481518421,1.62603502683297,7.200339761759848
2024-11-21 00:00:00-05:00,114.1500015258789,116.25,113.83000183105469,114.72000122070312,10261000,0.0,0.0,102.37099952697754,88.95756146109638,5.024147107268689,3.508513806668475,1.5156333006002143,7.635164873005385
2024-11-22 00:00:00-05:00,113.8499984741211,116.33999633789062,113.5999984741211,115.6500015258789,10098000,0.0,0.0,103.40199966430664,89.43604915049536,5.251448346066709,3.857100714548122,1.3943476315185874,7.976285530995694
2024-11-25 00:00:00-05:00,115.68000030517578,116.58000183105469,114.93000030517578,116.0,10397800,0.0,0.0,104.39199981689453,89.22639701449461,5.397607903219338,4.165202152282365,1.232405750936973,8.259094667669155
2024-11-26 00:00:00-05:00,116.0,116.41999816894531,115.44000244140625,115.44999694824219,6808100,0.0,0.0,105.35799980163574,86.03130905473905,5.406734288275985,4.413508579481089,0.9932257087948955,8.37098920347277
2024-11-27 00:00:00-05:00,115.44999694824219,118.19999694824219,115.44999694824219,117.5999984741211,8142400,0.0,0.0,106.48399963378907,87.20603734478948,5.523779477626661,4.635562759110203,0.8882167185164578,8.430107452090898
2024-11-29 00:00:00-05:00,117.26000213623047,117.73999786376953,116.7300033569336,117.47000122070312,5095200,0.0,0.0,107.54749984741211,86.70910344488395,5.5421623439093395,4.816882676070031,0.7252796678393088,8.406070447398761
2024-12-02 00:00:00-05:00,117.77999877929688,118.62999725341797,116.55000305175781,117.16000366210938,8390500,0.0,0.0,108.6150001525879,84.53389583939482,5.468677179269662,4.947241576709957,0.5214356025597047,8.189912018493198
2024-12-03 00:00:00-05:00,117.0,117.2300033569336,115.44999694824219,116.44999694824219,9194000,0.0,0.0,109.64799995422364,81.96854659496681,5.292143512656338,5.016221963899234,0.27592154875710406,7.7798096178040215
2024-12-04 00:00:00-05:00,115.97000122070312,117.29000091552734,115.83999633789062,116.98999786376953,7996200,0.0,0.0,110.6659999847412,81.03520769430139,5.136601328227513,5.04029783676489,0.09630349146262329,7.304264701777984
2024-12-05 00:00:00-05:00,116.55000305175781,117.2699966430664,116.05999755859375,116.5,9823600,0.0,0.0,111.54650001525879,71.60419544997099,4.917112877468568,5.015660844905626,-0.09854796743705752,6.857762155806937
2024-12-06 00:00:00-05:00,116.55000305175781,117.26000213623047,116.22000122070312,116.7300033569336,6677900,0.0,0.0,112.43650016784667,57.268720394119924,4.707461363296375,4.954020948583776,-0.24655958528740118,6.263510746056058
2024-12-09 00:00:00-05:00,116.38999938964844,117.18000030517578,113.91000366210938,114.61000061035156,8666100,0.0,0.0,113.21600036621093,54.48448574558528,4.320441167413662,4.827304992349753,-0.5068638249360911,5.4191128454920445
2024-12-10 00:00:00-05:00,114.6500015258789,114.94999694824219,113.72000122070312,114.7300033569336,7526400,0.0,0.0,113.90950050354004,60.567254796983704,3.977557288117069,4.657355451503217,-0.6797981633861481,4.576665776068912
2024-12-11 00:00:00-05:00,114.63999938964844,115.05000305175781,113.9800033569336,114.61000061035156,6426800,0.0,0.0,114.59050064086914,51.90009733468636,3.654014915287064,4.456687344259986,-0.8026724289729223,3.420322015393525
2024-12-12 00:00:00-05:00,114.69999694824219,115.01000213623047,114.16000366210938,114.9000015258789,5285100,0.0,0.0,115.19950065612792,50.99557512788075,3.382020081798075,4.241753891767604,-0.8597338099695291,1.9740802659610601
2024-12-13 00:00:00-05:00,114.31999969482422,114.95999908447266,113.30000305175781,113.33999633789062,6823900,0.0,0.0,115.41050033569336,38.05584199692458,3.005932318834155,3.994589577180914,-0.988657258346759,1.4445889820567646
