Date,Open,High,Low,Close,Volume,Dividends,Stock Splits,MA,RSI,MACD,Signal_Line,MACD_Histogram
2023-10-10 00:00:00-04:00,45.29317665886047,46.24182177038048,45.071258970878525,45.7809944152832,368582000,0.0,0.0,,,0.0,0.0,0.0
2023-10-11 00:00:00-04:00,46.17884588702422,46.84160171871978,46.032900190504705,46.78861999511719,378137000,0.0,0.0,,,0.08038038813490544,0.01607607762698109,0.06430431050792436
2023-10-12 00:00:00-04:00,46.75962964777431,47.59132141422763,46.3127970458529,46.92756652832031,481325000,0.0,0.0,,,0.15352451381652088,0.04356576486488905,0.10995874895163182
2023-10-13 00:00:00-04:00,46.942558517598286,47.098502624368315,45.263182151056284,45.444114685058594,474115000,0.0,0.0,,,0.09074355910384213,0.05300132371267967,0.03774223539116246
2023-10-16 00:00:00-04:00,45.04626639383732,46.207833655356794,44.89532148876171,46.077884674072266,375099000,0.0,0.0,,,0.09107923691004771,0.06061690635215328,0.030462330557894435
2023-10-17 00:00:00-04:00,43.98366151728547,44.73738315193545,42.46422548000373,43.92168426513672,812333000,0.0,0.0,,,-0.08170029870569095,0.03215346534058443,-0.11385376404627538
2023-10-18 00:00:00-04:00,42.575185981795975,43.20295497748339,41.80947154933942,42.18033218383789,627294000,0.0,0.0,,,-0.3550491003463634,-0.04528704779680515,-0.30976205254955824
2023-10-19 00:00:00-04:00,42.79510456302502,43.28092416614882,41.866448658188794,42.08536911010742,501233000,0.0,0.0,,,-0.5727405251732947,-0.15077774327210305,-0.42196278190119163
2023-10-20 00:00:00-04:00,41.87443932058439,42.454225709560305,41.06274066398629,41.37162780761719,477266000,0.0,0.0,,,-0.7937061553625853,-0.2793634256901995,-0.5143427296723857
2023-10-23 00:00:00-04:00,41.21369517243649,43.231946691364044,40.929800201575475,42.95904541015625,478530000,0.0,0.0,,,-0.8311506875834027,-0.38972087806884015,-0.44142980951456257
2023-10-24 00:00:00-04:00,43.06100102394639,43.680769690492056,42.67514660989255,43.64678192138672,401463000,0.0,0.0,,,-0.7961535972584386,-0.4710074219067599,-0.32514617535167867
2023-10-25 00:00:00-04:00,43.38187926803847,43.63378838143873,41.53956531780791,41.76348114013672,398379000,0.0,0.0,,,-0.9098960691860825,-0.5587851513626245,-0.35111091782345794
2023-10-26 00:00:00-04:00,41.837460992365465,42.24031124000929,39.86519397688078,40.31102752685547,541001000,0.0,0.0,,,-1.1045066010243545,-0.6679294412949706,-0.43657715972938393
2023-10-27 00:00:00-04:00,41.114725739824124,41.19069772762215,40.00013816338119,40.48495864868164,416784000,0.0,0.0,,30.748535261062713,-1.2305174227915714,-0.7804470375942908,-0.4500703851972806
2023-10-30 00:00:00-04:00,41.071747596041774,41.75049254735998,40.46596977662881,41.14571762084961,388028000,0.0,0.0,,33.92276108660124,-1.2625107420910453,-0.8768597784936417,-0.3856509635974036
2023-10-31 00:00:00-04:00,40.434978965187184,40.86382050289445,39.21543081274733,40.764854431152344,517969000,0.0,0.0,,28.15717268002591,-1.303571394941514,-0.9622021017832162,-0.3413692931582978
2023-11-01 00:00:00-04:00,40.86882109051677,42.36526699140607,40.85382726924343,42.309288024902344,437593000,0.0,0.0,,34.80266946916407,-1.1976832277879907,-1.009298326984171,-0.18838490080381964
2023-11-02 00:00:00-04:00,43.311906170895455,43.86769941657272,42.878069259150145,43.48984146118164,409172000,0.0,0.0,,43.43828218840995,-1.0068983984598106,-1.008818341279299,0.0019199428194884849
2023-11-03 00:00:00-04:00,44.00365403986176,45.292173032715084,43.706763443369326,44.98828887939453,424610000,0.0,0.0,,46.54231655626926,-0.7264142122231974,-0.9523375154680788,0.2259233032448814
2023-11-06 00:00:00-05:00,45.26818602105663,45.917946208460904,44.882327752320265,45.734012603759766,400733000,0.0,0.0,43.40877456665039,56.3166360556853,-0.43889548759018737,-0.8496491098925005,0.41075362230231316
2023-11-07 00:00:00-05:00,45.7020262562231,46.20083771282599,45.14123373244881,45.93793869018555,343165000,0.0,0.0,43.41662178039551,64.66869549315791,-0.192362263532182,-0.7181917406204369,0.5258294770882549
2023-11-08 00:00:00-05:00,46.0828786635961,46.84959593349214,45.95092771395189,46.556705474853516,346719000,0.0,0.0,43.405026054382326,66.76912019108889,0.05234302319369277,-0.564084787857611,0.6164278110513037
2023-11-09 00:00:00-05:00,47.44937391903492,48.21209109497669,46.73264109646829,46.93256759643555,540496000,0.0,0.0,43.40527610778808,71.39781789572108,0.2734504908892461,-0.39657773210823954,0.6700282229974857
2023-11-10 00:00:00-05:00,47.48235815931679,48.45399727357031,47.26543970036673,48.317047119140625,421245000,0.0,0.0,43.54892272949219,70.94403285750158,0.5540094033919942,-0.2064603050081928,0.760469708400187
2023-11-13 00:00:00-05:00,48.302056136923355,49.09776197733569,48.081137533797566,48.60194396972656,384136000,0.0,0.0,43.675125694274904,69.99920555348903,0.7902338339934047,-0.007121477207873289,0.797355311201278
2023-11-14 00:00:00-05:00,49.66155496172665,49.81549711299513,49.021793193021786,49.6375617980957,416954000,0.0,0.0,43.960919570922854,84.11435582708525,1.0489178290753003,0.20408638404876145,0.8448314450265388
2023-11-15 00:00:00-05:00,49.916454537712454,49.941442964255536,48.18209834050125,48.869842529296875,475497000,0.0,0.0,44.295395088195804,89.4198177684542,1.178394432507936,0.3989479937405964,0.7794464387673397
2023-11-16 00:00:00-05:00,48.66092667774055,49.50661323492199,48.312057235229624,49.46162796020508,339756000,0.0,0.0,44.664208030700685,89.81196250348518,1.3136151740446067,0.5818814298013986,0.7317337442432081
2023-11-17 00:00:00-05:00,49.50561143654388,49.6985405744049,48.98880509199654,49.27969741821289,325205000,0.0,0.0,45.05961151123047,87.67473565699335,1.3900743992600653,0.7435200236931319,0.6465543755669334
2023-11-20 00:00:00-05:00,49.293685180065076,50.529226175195205,49.16273331649987,50.39027786254883,414120000,0.0,0.0,45.431173133850095,91.75989039887963,1.5227303587433028,0.8993620907031661,0.6233682680401367
2023-11-21 00:00:00-05:00,50.10738480588418,50.498238446028495,49.2037211838221,49.925453186035156,565747000,0.0,0.0,45.74510669708252,86.45802746698104,1.5722300068359942,1.0339356739297318,0.5382943329062624
2023-11-22 00:00:00-05:00,49.83348617037129,50.31630467937056,47.672286574064465,48.697906494140625,899420000,0.0,0.0,46.091827964782716,74.81896552664426,1.4951706787023724,1.12618267488426,0.36898800381811236
2023-11-24 00:00:00-05:00,48.452001338900175,48.902834068505605,47.727268287861406,47.75825881958008,294645000,0.0,0.0,46.464189529418945,63.9428377657542,1.342799929872605,1.169506125881929,0.17329380399067595
2023-11-27 00:00:00-05:00,47.7822495481252,48.51197801787189,47.634305695065535,48.22408676147461,395662000,0.0,0.0,46.8511459350586,62.89737862880663,1.2452786384918895,1.1846606284039212,0.0606180100879683
2023-11-28 00:00:00-05:00,48.21808469478846,48.30505418192647,47.4553675930479,47.80323791503906,401491000,0.0,0.0,47.184021949768066,59.44901715937203,1.1211098710165075,1.1719504769264386,-0.050840605909931114
2023-11-29 00:00:00-05:00,48.36103719811516,48.74389440033637,47.84222891001243,48.12212371826172,382005000,0.0,0.0,47.55188541412353,58.17839102341045,1.0364886515020828,1.1448581118415675,-0.10836946033948469
2023-11-30 00:00:00-05:00,48.00616426433721,48.09213467670878,46.404761800061635,46.75263214111328,526247000,0.0,0.0,47.77405261993408,49.148362173840354,0.8491309474205124,1.0857126789573566,-0.23658173153684414
2023-12-01 00:00:00-05:00,46.50772234338756,47.18247088867774,46.16984662435623,46.74763107299805,369317000,0.0,0.0,47.9369421005249,41.456267815320004,0.6922650718668351,1.0070231575392523,-0.31475808567241725
2023-12-04 00:00:00-05:00,46.0598900122913,46.0598900122913,44.99328487634139,45.493099212646484,437543000,0.0,0.0,47.9621826171875,34.6918880051753,0.4613987808281621,0.8978982821970344,-0.4364995013688723
2023-12-05 00:00:00-05:00,45.453112539750435,46.58678998545578,45.25816811641427,46.55280303955078,371718000,0.004,0.0,48.00312213897705,34.84643317728481,0.3597973050286569,0.7902780867633589,-0.43048078173470194
2023-12-06 00:00:00-05:00,47.20161740676732,47.37356953938658,45.39912705049496,45.4901008605957,380590000,0.0,0.0,47.98073024749756,33.8649761520152,0.19132079199241758,0.6704866278091707,-0.4791658358167531
2023-12-07 00:00:00-05:00,45.687044488636715,46.61578196479854,45.591071034121136,46.58279037475586,350823000,0.0,0.0,47.98203449249267,36.88362583182008,0.14430934510794202,0.565251171268925,-0.42094182616098297
2023-12-08 00:00:00-05:00,46.58179356796495,47.727468635368496,46.536804340424034,47.49253463745117,359224000,0.0,0.0,48.01003284454346,42.36387474833877,0.1784046558823178,0.48788186819160356,-0.30947721230928577
2023-12-11 00:00:00-05:00,47.47754215922328,47.517527924857966,45.817013589035405,46.61378479003906,509728000,0.0,0.0,47.92486972808838,33.53780027756687,0.13298470178512645,0.4169024349103082,-0.28391773312518176
2023-12-12 00:00:00-05:00,46.03295021122263,47.65248997256426,46.03295021122263,47.64349365234375,372387000,0.0,0.0,47.876947212219235,40.519549757775465,0.17802578999214802,0.3691271059266762,-0.19110131593452817
2023-12-13 00:00:00-05:00,47.61550180152845,48.58022843747808,47.59450784522985,48.074371337890625,447792000,0.0,0.0,47.798787689208986,47.22587490775885,0.24565761703566125,0.3444332081484732,-0.09877559111281198
2023-12-14 00:00:00-05:00,48.37628566080836,48.656205088433744,47.408561487006175,48.33629608154297,391232000,0.0,0.0,47.77211036682129,52.73674054632587,0.3167402802581307,0.3388946225704047,-0.022154342312273978
2023-12-15 00:00:00-05:00,48.18033874309844,49.38999483044137,48.1063584079144,48.87614059448242,479948000,0.0,0.0,47.742835998535156,53.0656885083133,0.4118867692252337,0.35349305190137054,0.05839371732386317
2023-12-18 00:00:00-05:00,49.38599517155325,50.41869941781199,49.13606605391101,50.062801361083984,412587000,0.0,0.0,47.781991195678714,59.9099169939406,0.5764002702334778,0.398074495567792,0.17832577466568583
2023-12-19 00:00:00-05:00,49.40998983595613,49.685912576034035,48.881140459884094,49.58993911743164,464444000,0.0,0.0,47.74197425842285,56.351708402375614,0.6610027456581875,0.4506601455858711,0.21034260007231642
2023-12-20 00:00:00-05:00,49.640923574739,49.98482783402647,48.08436571514734,48.09736251831055,397894000,0.0,0.0,47.65056972503662,55.75774522925108,0.6006880020222027,0.4806657168731374,0.12002228514906532
2023-12-21 00:00:00-05:00,48.79716606109675,49.08108596207473,48.40527506263609,48.97611618041992,300425000,0.0,0.0,47.664480209350586,58.877485520883475,0.6166874209141611,0.5078700576813422,0.10881736323281888
2023-12-22 00:00:00-05:00,49.18105652303888,49.36900296425664,48.45326221692039,48.816162109375,252507000,0.0,0.0,47.71737537384033,64.50263858085006,0.6094349323739152,0.5281830326198568,0.08125189975405844
2023-12-26 00:00:00-05:00,48.95411724457058,49.58593805712997,48.94612009204946,49.26502990722656,244200000,0.0,0.0,47.76942253112793,62.50344683018242,0.6326147735755683,0.5490693808109991,0.08354539276456918
2023-12-27 00:00:00-05:00,49.49696355119108,49.66591435262688,49.07108183480036,49.40298843383789,233648000,0.0,0.0,47.84941005706787,69.7198836039705,0.6545715712430109,0.5701698188974015,0.08440175234560943
2023-12-28 00:00:00-05:00,49.628932993777084,49.869862010873014,49.397995651127005,49.507965087890625,246587000,0.0,0.0,47.918702125549316,66.37201395646952,0.6726888914340279,0.5906736334047268,0.0820152580293011
2023-12-29 00:00:00-05:00,49.798882986145436,49.982832763586586,48.737183676716924,49.507965087890625,389293000,0.0,0.0,48.05646877288818,62.55920858394318,0.6792174027924247,0.6083823872822665,0.07083501551015825
2024-01-02 00:00:00-05:00,49.23004169676173,49.281025929370266,47.58151083051483,48.15434646606445,411254000,0.0,0.0,48.12680454254151,59.06363660438996,0.5686109913999857,0.6004281081058104,-0.031817116705824655
2024-01-03 00:00:00-05:00,47.47154327586198,48.17034267627387,47.30658912189055,47.555519104003906,320896000,0.0,0.0,48.229925537109374,49.454773275332165,0.42770394514295873,0.5658832755132401,-0.1381793303702814
2024-01-04 00:00:00-05:00,47.753460549538744,48.48625451702809,47.494535082082315,47.984397888183594,306535000,0.0,0.0,48.30150527954102,49.44224679054246,0.3466451202306402,0.5220356444567201,-0.17539052422607992
2024-01-05 00:00:00-05:00,48.44826200298403,49.53295347185659,48.29230418752573,49.08308029174805,415039000,0.0,0.0,48.48115425109863,54.194256654698684,0.3668313024756529,0.4909947760605067,-0.1241634735848538
2024-01-08 00:00:00-05:00,49.49796918958488,52.260186635329,49.46497759610599,52.238189697265625,642510000,0.0,0.0,48.76392421722412,64.59510688393978,0.6301559129085987,0.5188270034301251,0.11132890947847363
2024-01-09 00:00:00-05:00,52.38614999154251,54.30960449650358,51.67534914710015,53.12493896484375,773100000,0.0,0.0,49.04554443359375,63.64854695320781,0.9000209377223172,0.5950657902885635,0.3049551474337536
2024-01-10 00:00:00-05:00,53.600805409377045,54.58452387215592,53.473838688120914,54.3345947265625,533796000,0.0,0.0,49.43158493041992,69.84446183885592,1.1976937565286079,0.7155913835365725,0.4821023729920354
2024-01-11 00:00:00-05:00,54.983413122715525,55.33031490047268,53.544821777629075,54.806461334228516,596759000,0.0,0.0,49.78973331451416,80.68026721967613,1.4549060504324913,0.8634543169157562,0.5914517335167351
2024-01-12 00:00:00-05:00,54.60451388829729,54.9544169497117,54.31459900309948,54.694488525390625,352994000,0.0,0.0,50.12073917388916,78.12189405192535,1.6309132241486708,1.0169460983623393,0.6139671257863315
2024-01-16 00:00:00-05:00,55.0024083735072,56.81889092877514,54.88444178651728,56.36602020263672,449580000,0.0,0.0,50.52222537994385,82.32320757798465,1.8835662350838405,1.1902701257066397,0.6932961093772008
2024-01-17 00:00:00-05:00,56.33102857407022,56.45499397545113,54.7244856339136,56.037113189697266,474394000,0.0,0.0,50.88027400970459,79.29422356638646,2.033811012019825,1.3589783029692768,0.6748327090505484
2024-01-18 00:00:00-05:00,57.24376919648356,57.58367298328111,56.091096111773396,57.09081268310547,491650000,0.0,0.0,51.23167457580566,80.81421750773445,2.2124026229165423,1.52966316695873,0.6827394559578124
2024-01-19 00:00:00-05:00,57.97255943096109,59.48313267234828,57.208776074135685,59.47413635253906,543501000,0.0,0.0,51.725884437561035,83.77716708331566,2.517234945563473,1.7271775226796788,0.7900574228837942
2024-01-22 00:00:00-05:00,60.03198109970271,60.31390267208267,59.053258469820804,59.63709259033203,452955000,0.0,0.0,52.30287094116211,83.95440300228998,2.740376608252518,1.9298173397942469,0.8105592684582712
2024-01-23 00:00:00-05:00,59.553117790794914,59.89302158867447,58.568396325749006,59.85603332519531,294654000,0.0,0.0,52.84686679840088,92.45555803758644,2.901438691963776,2.1241416102281527,0.7772970817356231
2024-01-24 00:00:00-05:00,60.286909507412325,62.83118637351858,59.92101211022401,61.344608306884766,560271000,0.0,0.0,53.47328910827637,96.99485812721423,3.1133088279752954,2.3219750537775816,0.7913337741977138
2024-01-25 00:00:00-05:00,62.33232318139365,62.701221870372564,60.83274840897568,61.59953308105469,482777000,0.0,0.0,54.09001426696777,96.95879823402207,3.2641605253200865,2.5104121480860826,0.7537483772340039
2024-01-26 00:00:00-05:00,60.942723367823895,61.765491995354566,60.555835817733005,61.013702392578125,390309000,0.0,0.0,54.67054996490479,92.65798523828009,3.2984178341269086,2.668013285294248,0.6304045488326606
2024-01-29 00:00:00-05:00,61.21464389448456,62.47128760142016,60.88973905781223,62.447296142578125,348733000,0.0,0.0,55.31751651763916,91.62725210511711,3.40202955374334,2.8148165389840663,0.5872130147592736
2024-01-30 00:00:00-05:00,62.882170242946835,63.475000640687924,62.242348470682806,62.756202697753906,410735000,0.0,0.0,55.97992839813232,91.21319460541221,3.46907937774467,2.945669106736187,0.5234102710084829
2024-01-31 00:00:00-05:00,61.4225863021423,62.25135374014952,60.68279815652496,61.50956344604492,453795000,0.0,0.0,56.647689247131346,80.60557836346092,3.3826306171792453,3.033061408824799,0.3495692083544464
2024-02-01 00:00:00-05:00,62.08239699411671,63.17309118059886,61.63252759196923,63.00913619995117,369146000,0.0,0.0,57.42037010192871,82.16893086292387,3.3959756470515146,3.1056442564701423,0.29033139058137225
2024-02-02 00:00:00-05:00,63.95585821734189,66.58111302570877,63.6719383532705,66.14124298095703,476578000,0.0,0.0,58.328212356567384,86.29394840007528,3.617585249600893,3.2080324550962924,0.40955279450460047
2024-02-05 00:00:00-05:00,68.20566645977358,69.47730920290685,67.1859588396486,69.3123550415039,680078000,0.0,0.0,59.33967609405518,87.48412851989005,4.0029511681136825,3.3670161976997703,0.6359349704139121
2024-02-06 00:00:00-05:00,69.61026565572277,69.7342310660323,66.28121510060156,68.20366668701172,683111000,0.0,0.0,60.13794994354248,83.7044741274417,4.170815980058933,3.527776154171603,0.64303982588733
2024-02-07 00:00:00-05:00,68.29963033929545,70.20009234122578,67.58083242173012,70.0791244506836,495575000,0.0,0.0,60.985659217834474,84.41409454393144,4.404412495009126,3.7031034223391077,0.7013090726700182
2024-02-08 00:00:00-05:00,70.05412985913416,70.77392694243356,69.43530969256643,69.62125396728516,414422000,0.0,0.0,61.7499921798706,79.94102307119464,4.500711691864147,3.862625076244116,0.6380866156200313
2024-02-09 00:00:00-05:00,70.5130038907635,72.16453604297054,70.19209573547877,72.11255645751953,436637000,0.0,0.0,62.61529693603516,82.3642566222485,4.72360599982494,4.034821260960281,0.6887847388646593
2024-02-12 00:00:00-05:00,72.57942141236886,74.58985301987923,71.2298055691369,72.22752380371094,613710000,0.0,0.0,63.49194869995117,82.26860241081815,4.853579208894111,4.198572850547047,0.6550063583470633
2024-02-13 00:00:00-05:00,70.38005204606957,73.42918318120587,69.60027429759032,72.10755920410156,602580000,0.0,0.0,64.27902565002441,80.23141563459183,4.890528801114563,4.3369640406605505,0.5535647604540124
2024-02-14 00:00:00-05:00,73.18125859825528,74.21496215366473,71.91761686708195,73.87905883789062,504917000,0.0,0.0,65.17112293243409,81.78340314022398,5.005061599981403,4.4705835525247215,0.5344780474566813
2024-02-15 00:00:00-05:00,73.84806835325377,73.95403349177265,72.37948290762509,72.63740539550781,420122000,0.0,0.0,65.9484525680542,79.09805209811512,4.938708257821119,4.564208493584001,0.37449976423711817
2024-02-16 00:00:00-05:00,74.07899283769257,74.38090918024592,72.4804470935105,72.59241485595703,495327000,0.0,0.0,66.6043664932251,77.29422916346803,4.826851456588116,4.616737086184824,0.21011437040329195
2024-02-20 00:00:00-05:00,71.92659973225437,71.93559986530343,67.71479679116719,69.43231201171875,704833000,0.0,0.0,67.09412746429443,65.57224209421102,4.432119531220295,4.579813575191919,-0.1476940439716241
2024-02-21 00:00:00-05:00,67.98672612499482,68.86847997939597,66.22922867549799,67.452880859375,690298000,0.0,0.0,67.47396984100342,63.4047372774567,3.91444480225546,4.446739820604627,-0.532295018349167
2024-02-22 00:00:00-05:00,75.00374204443924,78.55273152131424,74.19896984840972,78.5157470703125,865100000,0.0,0.0,68.3325267791748,74.43370127057543,4.346757976705334,4.426743451824769,-0.0799854751194351
2024-02-23 00:00:00-05:00,80.76711066734482,82.37065248359322,77.548021770274,78.79467010498047,829388000,0.0,0.0,69.1922836303711,71.90779048749262,4.658179446897904,4.473030650839396,0.18514879605850787
2024-02-26 00:00:00-05:00,79.67740947783957,80.62314814859076,78.48274845329479,79.06958770751953,503973000,0.0,0.0,70.09507789611817,68.77644911492732,4.871016710107199,4.552627862692956,0.31838884741424245
2024-02-27 00:00:00-05:00,79.35849560363468,79.45747419233632,77.1401304524677,78.6786880493164,391705000,0.0,0.0,70.90664749145508,70.73042723056584,4.951076510997339,4.632317592353833,0.31875891864350603
2024-02-28 00:00:00-05:00,77.59800412996552,78.91062791882912,77.10314167422683,77.6409912109375,393110000,0.0,0.0,71.65088691711426,65.47844634127983,4.8745996669124025,4.680774007265548,0.19382565964685483
2024-02-29 00:00:00-05:00,79.07158408060953,79.96732622132019,78.32779165828474,79.0895767211914,507289000,0.0,0.0,72.52988758087159,68.62537752561711,4.874687597100731,4.719556725232585,0.15513087186814634
2024-03-01 00:00:00-05:00,79.97732295310118,82.27667403889559,79.41248066903071,82.25567626953125,479135000,0.0,0.0,73.49221458435059,69.4367763359687,5.0717708386018785,4.789999547906444,0.28177129069543483
2024-03-04 00:00:00-05:00,84.1061487649486,87.67014062841129,83.69526978721244,85.21283721923828,615616000,0.0,0.0,74.44579429626465,72.438926830323,5.404281706551174,4.91285597963539,0.491425726915784
2024-03-05 00:00:00-05:00,85.24982845264307,86.07663632751537,83.3972699001233,85.94366455078125,520639000,0.004,0.0,75.27735977172851,73.4147892066535,5.661508279608299,5.062586439629972,0.5989218399783267
2024-03-06 00:00:00-05:00,88.00118270950952,89.70277597405403,87.00941296076404,88.67901611328125,582520000,0.0,0.0,76.30112724304199,74.25466535898745,6.016725140640418,5.2534141798320615,0.7633109608083561
2024-03-07 00:00:00-05:00,90.13666439223407,92.74504822295889,89.58079619428543,92.6470718383789,608119000,0.0,0.0,77.42952461242676,80.1024815342021,6.5430023387145155,5.511331811608553,1.0316705271059625
2024-03-08 00:00:00-05:00,95.11550233441162,97.37696845591753,86.48553983918421,87.5073013305664,1142269000,0.0,0.0,78.32382698059082,69.45554210920209,6.470753466625553,5.703216142611953,0.7675373240135999
2024-03-11 00:00:00-04:00,86.40855937952054,88.77599553639187,84.1460941174641,85.75371551513672,678364000,0.0,0.0,79.00588493347168,72.10124542200228,6.200520257158303,5.802676965521223,0.39784329163707977
2024-03-12 00:00:00-04:00,88.02818123787033,91.93825182530047,86.12962825022079,91.89126586914062,668075000,0.0,0.0,79.98907203674317,79.74321127601752,6.40774303858278,5.923690180133534,0.48405285844924517
2024-03-13 00:00:00-04:00,91.03346116743805,91.48235245425685,88.41407818473327,90.86650085449219,635713000,0.0,0.0,80.9270191192627,69.8922149390124,6.415326720426776,6.0220174881921835,0.3933092322345928
2024-03-14 00:00:00-04:00,89.55581179224637,90.62455913756881,86.57951107256054,87.9231948852539,602318000,0.0,0.0,81.62922592163086,63.54036100265942,6.113365576514283,6.040287105856604,0.0730784706576797
2024-03-15 00:00:00-04:00,86.90943243257094,89.52481079500164,86.23659514436741,87.81621551513672,642086000,0.0,0.0,82.3881664276123,63.038852764568254,5.798584382083305,5.991946561101945,-0.1933621790186395
2024-03-18 00:00:00-04:00,90.36661573398221,92.38313682655732,87.0643957820598,88.43407440185547,668976000,0.0,0.0,83.18024940490723,64.44489431281526,5.535168093853315,5.90059086765222,-0.36542277379890464
2024-03-19 00:00:00-04:00,86.67949392679418,90.52258665813423,84.98989876877435,89.37686157226562,672171000,0.0,0.0,84.17747688293457,67.426395918384,5.340917065741692,5.788656107270114,-0.4477390415284219
2024-03-20 00:00:00-04:00,89.77575552459182,90.3886171092284,88.20213035729925,90.35062408447266,479063000,0.0,0.0,85.32236404418946,66.96050155010789,5.205539998357466,5.672032885487585,-0.46649288713011927
2024-03-21 00:00:00-04:00,92.27816909757175,92.6260863495621,90.38361309634699,91.41336822509766,480372000,0.0,0.0,85.96724510192871,64.7255791083514,5.124930261643527,5.562612360718774,-0.43768209907524636
2024-03-22 00:00:00-04:00,91.11943529384952,94.75557583351618,90.81250872192483,94.26669311523438,586719000,0.0,0.0,86.7408462524414,64.60739008702345,5.230986382101989,5.496287164995417,-0.2653007828934282
2024-03-25 00:00:00-04:00,93.91877671343534,96.74310530536229,93.48787892632636,94.97952270507812,552136000,0.0,0.0,87.53634300231934,64.58682398728955,5.311330302652692,5.459295792526872,-0.14796548987417957
2024-03-26 00:00:00-04:00,95.82832327516131,96.35220139167362,92.48011649573958,92.53910064697266,513648000,0.0,0.0,88.22936363220215,56.29134395409293,5.11907229499991,5.391251093021479,-0.2721787980215691
2024-03-27 00:00:00-04:00,93.08996763897136,93.21793570444878,89.10191309032703,90.22864532470703,586067000,0.0,0.0,88.85874633789062,45.83319312001279,4.725795969336232,5.258160068284431,-0.5323640989481984
2024-03-28 00:00:00-04:00,89.97870666416057,91.2784021447898,89.17189838767457,90.33462524414062,435212000,0.0,0.0,89.42099876403809,55.893609895102934,4.372272505829926,5.08098255579353,-0.7087100499636039
2024-04-01 00:00:00-04:00,90.27764117725565,92.20318040940828,89.18289900570285,90.34162139892578,452441000,0.0,0.0,89.8252960205078,60.314647291089905,4.04602706379697,4.873991457394219,-0.8279643935972487
2024-04-02 00:00:00-04:00,88.42707164960063,90.07268593569079,87.59927224925994,89.43083953857422,433064000,0.0,0.0,90.03619613647462,42.768978536068666,3.6716581267482553,4.633524791265026,-0.961866664516771
2024-04-03 00:00:00-04:00,88.46307281870986,90.3526251834598,88.37909305261387,88.94295501708984,370067000,0.0,0.0,90.18616065979003,44.162622241506014,3.29758730966293,4.366337294944607,-1.068749985281677
2024-04-04 00:00:00-04:00,90.38460860825877,90.61255911907426,85.85967846162676,85.88467407226562,434965000,0.0,0.0,90.04644355773925,43.856578622448815,2.722967109115359,4.037663257778758,-1.3146961486633986
2024-04-05 00:00:00-04:00,86.84544686844104,88.46007028939938,85.9056744370297,87.9871826171875,399678000,0.0,0.0,89.81344909667969,50.45991991576994,2.4094566124508816,3.712021928713183,-1.3025653162623012
2024-04-08 00:00:00-04:00,88.67901159229113,88.80898571750684,86.71148250630124,87.11238861083984,283220000,0.0,0.0,89.79370346069337,46.49300244305148,2.066586398176625,3.382934822605871,-1.316348424429246
2024-04-09 00:00:00-04:00,87.42131230729075,87.61426743619066,83.00235992295175,85.33380126953125,503547000,0.0,0.0,89.77270774841308,39.727658861787106,1.6325234350006355,3.0328525450848245,-1.400329110084189
2024-04-10 00:00:00-04:00,83.90614724164408,87.37932438444192,83.68919571165225,87.0184097290039,431929000,0.0,0.0,89.52906494140625,41.828881711482225,1.408226079592751,2.70792725198641,-1.2997011723936591
2024-04-11 00:00:00-04:00,87.39932306358762,90.7175383536998,86.90544422861728,90.59456634521484,431637000,0.0,0.0,89.51546821594238,48.21250477178382,1.5017238237476533,2.466686566338659,-0.9649627425910055
2024-04-12 00:00:00-04:00,89.67778862095243,90.15368162603355,87.50930275152356,88.16514587402344,426805000,0.0,0.0,89.52756576538086,36.4287653658967,1.3640634566657468,2.2461619444040766,-0.8820984877383298
2024-04-15 00:00:00-04:00,89.07691923599808,90.59156018104089,85.90867029394323,85.98065185546875,443077000,0.0,0.0,89.43578758239747,31.214288035054352,1.0664033789058607,2.0102102313044337,-0.943806852398573
2024-04-16 00:00:00-04:00,86.41255526417733,88.09715428207583,86.04364687363933,87.39432525634766,370453000,0.0,0.0,89.38380012512206,38.77893060913692,0.9338128385212912,1.7949307527478053,-0.8611179142265142
2024-04-17 00:00:00-04:00,88.31909559905036,88.75399786729442,83.93013485819698,84.01512145996094,495400000,0.0,0.0,89.11571311950684,37.05158164483686,0.5497235044510234,1.5458893030884489,-0.9961657986374255
2024-04-18 00:00:00-04:00,84.94990333698551,86.16961599181461,82.38250995062032,84.65097045898438,447260000,0.0,0.0,88.83073043823242,38.411696444960185,0.29325715426733723,1.2953628733242266,-1.0021057190568894
2024-04-19 00:00:00-04:00,83.13033728096731,84.30405561291292,75.58812265213056,76.18197631835938,875198000,0.0,0.0,88.06916084289551,28.53639034278484,-0.5866092584252129,0.9189684469743388,-1.5055777053995518
2024-04-22 00:00:00-04:00,78.08552423870307,80.05406032863513,76.38193249215077,79.49919128417969,596341000,0.0,0.0,87.33078575134277,35.96894666078303,-1.0046571427949686,0.5342433290204773,-1.538900471815446
2024-04-23 00:00:00-04:00,80.74989526148802,82.74942225992656,80.24501744031475,82.40350341796875,438559000,0.0,0.0,86.70198478698731,41.35178444191127,-1.089055433063919,0.20958357660359805,-1.298639009667517
2024-04-24 00:00:00-04:00,83.9301336886006,84.06210623959943,79.1642633085821,79.65814971923828,512208000,0.0,0.0,86.05793724060058,41.696898221145425,-1.3617711357880324,-0.10468736587472804,-1.2570837699133044
2024-04-25 00:00:00-04:00,78.8493400788442,83.30328808415997,78.20449600901789,82.61245727539062,424641000,0.0,0.0,85.67712783813477,42.99198163866481,-1.3242472672231145,-0.34859934614440535,-0.9756479210787091
2024-04-26 00:00:00-04:00,83.79818261677948,88.31011603784158,83.36728476778056,87.7142562866211,551011000,0.0,0.0,85.54610939025879,50.70684929150204,-0.8727759702467637,-0.453434670964877,-0.4193412992818867
2024-04-29 00:00:00-04:00,87.57427234580402,87.97117394342716,85.24582111102696,87.73623657226562,388971000,0.0,0.0,85.41584014892578,52.94290818678232,-0.5073595641284498,-0.4642196495975916,-0.04313991453085825
2024-04-30 00:00:00-04:00,87.21936048020653,88.79798933377148,86.27958803217874,86.38156127929688,363709000,0.0,0.0,85.26337623596191,49.21352333218197,-0.32334804921129034,-0.43604532952033137,0.11269728030904103
2024-05-01 00:00:00-04:00,85.05687611412145,85.97965427425616,81.23577409191292,83.02135467529297,559863000,0.0,0.0,84.96729621887206,40.597302548620206,-0.44354527460457405,-0.43754531853717993,-0.005999956067394119
2024-05-02 00:00:00-04:00,84.42901930882867,86.21659833345969,83.18031423689433,85.79669952392578,377898000,0.0,0.0,84.96289749145508,47.084444302524226,-0.31126721227698795,-0.4122896972851416,0.10102248500815364
2024-05-03 00:00:00-04:00,87.76823429941243,89.25987812120627,87.01941093195316,88.76799774169922,398341000,0.0,0.0,85.00193824768067,53.36601723293802,0.03294328939495017,-0.32324309994912326,0.35618638934407343
2024-05-06 00:00:00-04:00,89.36885276564674,92.19818511482366,89.0339329305278,92.11820220947266,376203000,0.0,0.0,85.25222892761231,55.449695269539724,0.5695012378275948,-0.14469423239377965,0.7141954702213744
2024-05-07 00:00:00-04:00,91.0764475332469,91.75928460609057,88.98994329110344,90.53257751464844,437342000,0.0,0.0,85.51216773986816,57.84344258833165,0.8569027746156195,0.055625169008100175,0.8012776056075193
2024-05-08 00:00:00-04:00,89.46183625311598,91.17243008499568,89.39884761533344,90.39061737060547,325721000,0.0,0.0,85.68077812194824,56.99048585422422,1.0609851891028939,0.2566971730270589,0.804288016075835
2024-05-09 00:00:00-04:00,90.50758942585304,91.05046027533749,88.21013637581568,88.72601318359375,378013000,0.0,0.0,85.58735046386718,68.31305816126725,1.0759988813857007,0.4205575146987873,0.6554413666869133
2024-05-10 00:00:00-04:00,90.2836361635132,91.37937754567422,89.20588826518858,89.85673522949219,335325000,0.0,0.0,85.67192993164062,66.15216912291355,1.1656996994409212,0.5695859516472142,0.5961137477937071
2024-05-13 00:00:00-04:00,90.45660058201008,90.97648188381773,88.50806398354068,90.37762451171875,289680000,0.0,0.0,85.89177856445312,63.433958461543995,1.2642462124602076,0.7085180038098129,0.5557282086503947
2024-05-14 00:00:00-04:00,89.5778081239568,91.62932476175912,88.91296448661012,91.33439636230469,296507000,0.0,0.0,86.08878211975097,70.93238437278852,1.4033713351008572,0.8474886700680218,0.5558826650328355
2024-05-15 00:00:00-04:00,92.45011849545092,94.83955234013227,91.57732397485312,94.60760498046875,417735000,0.0,0.0,86.61840629577637,71.26098866028677,1.7574903228341014,1.0294890006212376,0.7280013222128638
2024-05-16 00:00:00-04:00,94.88754969662851,95.7963312267465,94.08073378370163,94.33667755126953,323952000,0.0,0.0,87.10269165039062,64.16353594477746,1.9932931499501194,1.222249830487014,0.7710433194631054
2024-05-17 00:00:00-04:00,94.34667500501169,94.71758179326936,91.78427788749048,92.45711517333984,359691000,0.0,0.0,87.91644859313965,59.35346051207882,2.0053867632694278,1.3788772170434966,0.6265095462259311
2024-05-20 00:00:00-04:00,93.72782843022509,95.17748245890982,93.41790418504468,94.75758361816406,318764000,0.0,0.0,88.67936820983887,65.99589124923507,2.175521558325869,1.5382060852999713,0.6373154730258976
2024-05-21 00:00:00-04:00,93.5768615548364,95.3774380950692,93.1579619356149,95.36344146728516,328946000,0.0,0.0,89.32736511230469,76.34108644268602,2.3323563223788994,1.6970361327157568,0.6353201896631426
2024-05-22 00:00:00-04:00,95.43641828893915,95.99728259132688,93.22694199175355,94.92753601074219,548648000,0.0,0.0,90.09083442687988,71.64936052100417,2.3938799179397563,1.8364048897605567,0.5574750281791996
2024-05-23 00:00:00-04:00,102.00386737865297,106.29485201655153,101.495984300881,103.77445220947266,835065000,0.0,0.0,91.14893417358398,77.82722196064938,3.120538387090548,2.093231589226555,1.027306797863993
2024-05-24 00:00:00-04:00,104.42429068662888,106.4498124242875,102.97563594111259,106.44381713867188,429494000,0.0,0.0,92.08541221618653,77.25284961669836,3.867236801579665,2.448032631697177,1.4192041698824878
2024-05-28 00:00:00-04:00,110.21792145728537,114.91181039578119,109.85700680266734,113.87405395507812,652728000,0.0,0.0,93.39230308532714,86.32643727074934,5.0009112962735855,2.9586083646124592,2.0423029316611263
2024-05-29 00:00:00-04:00,113.02326226335153,115.46467834881875,110.87476851197954,114.79783630371094,557442000,0.0,0.0,94.81311683654785,87.08264817454689,5.90581940629481,3.54805057294893,2.3577688333458804
2024-05-30 00:00:00-04:00,114.62287363905209,115.7915957549195,109.63705412520999,110.4738540649414,487350000,0.0,0.0,96.18574180603028,80.57168878820826,6.202557155426192,4.078951889444383,2.1236052659818085
2024-05-31 00:00:00-04:00,112.49338144896966,112.69034107520358,106.9147071249594,109.60707092285156,613263000,0.0,0.0,97.37626037597656,77.97128959954637,6.295214489930203,4.522204409541548,1.773010080388655
2024-06-03 00:00:00-04:00,113.59412201632057,114.97279357910156,111.97650095452859,114.97279357910156,438392000,0.0,0.0,98.68650016784667,80.62949099606003,6.72410378737716,4.962584285108671,1.7615195022684897
2024-06-04 00:00:00-04:00,115.68863184806835,116.5724178032169,114.01802186016376,116.40945434570312,403324000,0.0,0.0,99.9010627746582,80.85828338066021,7.098105619608631,5.389688552008663,1.7084170675999681
2024-06-05 00:00:00-04:00,118.34300347113641,122.42003418828443,117.44021718307086,122.41104125976562,528402000,0.0,0.0,101.49498596191407,82.06281625088774,7.788995975674069,5.869550036741745,1.9194459389323244
2024-06-06 00:00:00-04:00,124.01864947031358,125.55728684097399,118.29200776327205,120.96937561035156,664696000,0.0,0.0,103.02392387390137,79.9052298841811,8.126523684596322,6.32094476631266,1.8055789182836612
2024-06-07 00:00:00-04:00,119.74166612613098,121.66321619288969,117.99408612904743,120.85940551757812,412386000,0.0,0.0,104.63059349060059,83.21213597300024,8.289585971256088,6.7146730073013465,1.5749129639547412
2024-06-10 00:00:00-04:00,120.34153004371032,123.07088000938666,116.98232421857804,121.76119232177734,314162700,0.0,10.0,106.22581634521484,82.6444195502555,8.39481051673755,7.050700509188588,1.344110007548962
2024-06-11 00:00:00-04:00,121.75119472729492,122.85103098419252,118.72166379544328,120.8913345336914,222551200,0.01,0.0,107.75150184631347,80.664709106139,8.312193678771862,7.302999143105244,1.0091945356666185
2024-06-12 00:00:00-04:00,123.04098762406083,126.86039721693841,122.55106545367255,125.18065643310547,299595000,0.0,0.0,109.44381484985351,83.26153422878804,8.494907661757466,7.541380846835689,0.9535268149217773
2024-06-13 00:00:00-04:00,129.37002907262567,129.77996945393164,127.14037752718606,129.58999633789062,260704500,0.0,0.0,111.19293441772462,81.45163883943403,8.89299379283436,7.811703436035423,1.0812903567989371
2024-06-14 00:00:00-04:00,129.93993279772215,132.81947757204395,128.30018672608327,131.85963439941406,309320400,0.0,0.0,113.06908226013184,81.26920239317715,9.284593726160466,8.106281494060433,1.1783122321000334
2024-06-17 00:00:00-04:00,132.96947733525943,133.70935334573974,129.5600000367168,130.95977783203125,288504400,0.0,0.0,114.99421539306641,75.04506962866205,9.413812024944846,8.367787600237316,1.0460244247075305
2024-06-18 00:00:00-04:00,131.11974991676064,136.30895096412834,130.66982245304678,135.55906677246094,294335100,0.0,0.0,117.03428955078125,77.47251149695434,9.774666367958972,8.649163353781647,1.1255030141773243
2024-06-20 00:00:00-04:00,139.77840702253854,140.7382501800268,129.4999962772128,130.75979614257812,517768400,0.0,0.0,118.80410728454589,76.5101209133638,9.563146998216325,8.831960082668584,0.7311869155477417
2024-06-21 00:00:00-04:00,127.10037129950182,130.60983137767926,124.28080710399776,126.55045318603516,655484700,0.0,0.0,120.38525314331055,70.36302209285886,8.952656919996102,8.856099450134089,0.09655746986201308
2024-06-24 00:00:00-04:00,123.2209636623721,124.44077645602765,118.02176984453314,118.09175872802734,476060900,0.0,0.0,121.10111846923829,53.48906558769746,7.697560498301613,8.624391659767594,-0.9268311614659819
2024-06-25 00:00:00-04:00,121.18128182374238,126.48046647434953,119.30157487051866,126.07052612304688,425787500,0.0,0.0,122.08245391845703,59.42757192687582,7.262984227935121,8.352110173401101,-1.0891259454659803
2024-06-26 00:00:00-04:00,126.11051533740834,128.10020582805421,122.58106179827027,126.38047790527344,362975900,0.0,0.0,122.7077751159668,54.35754075777433,6.864460691296429,8.054580276980168,-1.190119585683739
2024-06-27 00:00:00-04:00,124.08083170467471,126.3904801212093,122.90101364602651,123.9708480834961,252571700,0.0,0.0,123.16642570495605,53.22636862066629,6.28177849656538,7.700019920897211,-1.418241424331831
2024-06-28 00:00:00-04:00,124.5607600841383,127.69027390029416,122.73104090223734,123.52091979980469,315516700,0.0,0.0,123.81877899169922,52.84018005202777,5.717782173258669,7.303572371369503,-1.5857901981108338
2024-07-01 00:00:00-04:00,123.4509338406254,124.8207173904901,118.81165100261742,124.28080749511719,284885500,0.0,0.0,124.5524658203125,52.696922961087495,5.271362623020394,6.897130421699682,-1.6257677986792878
2024-07-02 00:00:00-04:00,121.11129128736569,123.39094559729175,121.01130825589385,122.65105438232422,218374000,0.0,0.0,124.93637886047364,51.85340301346535,4.731522412291611,6.464008819818067,-1.7324864075264568
2024-07-03 00:00:00-04:00,121.64121985413111,128.26019287109375,121.34126312161995,128.26019287109375,215749000,0.0,0.0,125.52891578674317,53.15574851583085,4.702102839886933,6.111627623831841,-1.4095247839449074
2024-07-05 00:00:00-04:00,127.36032581802077,128.83010765300813,125.66059140220804,125.8105697631836,214176700,0.0,0.0,125.69889221191406,45.96497658616608,4.430056569823364,5.775313413030146,-1.3452568432067817
2024-07-08 00:00:00-04:00,127.47030164493479,130.7498013179992,127.02037421774143,128.18019104003906,237677300,0.0,0.0,126.05943298339844,46.08009012333437,4.355459547615894,5.491342639947296,-1.1358830923314027
2024-07-09 00:00:00-04:00,130.32988615651007,133.79935177124923,128.63013635188705,131.35972595214844,285366600,0.0,0.0,126.58444900512696,50.406348657100715,4.501017833204344,5.293277678598706,-0.7922598453943621
2024-07-10 00:00:00-04:00,134.0093063928642,135.0791485226844,132.39955434443974,134.88917541503906,248978600,0.0,0.0,127.24084815979003,49.304263324493604,4.8453170986315115,5.203685562605267,-0.3583684639737559
2024-07-11 00:00:00-04:00,135.72903418154354,136.12896630123663,127.03038089854326,127.38032531738281,374782700,0.0,0.0,127.5652976989746,46.67716182447111,4.460853357502089,5.0551191215846325,-0.594265764082544
2024-07-12 00:00:00-04:00,128.240187353551,131.89962580236968,127.20035467327595,129.2200469970703,252680500,0.0,0.0,127.76726722717285,52.753149044684214,4.255557815595125,4.895206860386731,-0.6396490447916054
2024-07-15 00:00:00-04:00,130.53983371826098,131.36970736285187,127.16035847561366,128.420166015625,208326200,0.0,0.0,127.70877571105957,62.65000189689523,3.9824091752325472,4.7126473233558945,-0.7302381481233473
2024-07-16 00:00:00-04:00,128.42016519902992,129.02006337664668,124.56076075627588,126.34048461914062,214769500,0.0,0.0,127.4328182220459,50.386487022581925,3.557119739613725,4.481541806607461,-0.9244220669937357
2024-07-17 00:00:00-04:00,121.33125281111384,121.8311755731112,116.70197078117613,117.97177124023438,390086200,0.0,0.0,126.78341789245606,40.21866117422286,2.515789117496894,4.088391268785347,-1.5726021512884536
2024-07-18 00:00:00-04:00,121.8311814627659,122.38109957883393,116.54199746975429,121.07129669189453,320979500,0.0,0.0,126.05902938842773,46.68040796960632,1.9185174226090567,3.654416499550089,-1.7358990769410325
2024-07-19 00:00:00-04:00,120.33141340065606,121.5812203691469,117.35187785957503,117.91178894042969,217223800,0.0,0.0,125.41662902832032,43.95344813009232,1.1766655627070435,3.1588663121814804,-1.982200749474437
2024-07-22 00:00:00-04:00,120.33141006363795,124.0508367192346,119.84148788147658,123.52091979980469,258068900,0.0,0.0,125.2651523590088,49.25838759166285,1.029485335751545,2.7329901168954938,-1.7035047811439488
2024-07-23 00:00:00-04:00,122.76104091410774,124.67074966179867,122.08114560448695,122.5710678100586,173911000,0.0,0.0,125.48911781311035,49.920887198305095,0.8266694968094868,2.3517259928782925,-1.5250564960688058
2024-07-24 00:00:00-04:00,119.15159144790852,119.9314697504062,113.42248076219641,114.23235321044922,327776900,0.0,0.0,124.89720916748047,36.836182493853954,-0.006849142749942416,1.8800109657526456,-1.886860108502588
2024-07-25 00:00:00-04:00,113.02254191964477,116.61198378362549,106.28358504662185,112.26265716552734,460067000,0.0,0.0,124.19131813049316,37.17099407471454,-0.8169395090338725,1.340620870795342,-2.1575603798292144
2024-07-26 00:00:00-04:00,116.172063125286,116.18205608900622,111.5627742823544,113.04254150390625,293399100,0.0,0.0,123.64490280151367,35.22064429857349,-1.3801028458353954,0.7964761274691945,-2.17657897330459
2024-07-29 00:00:00-04:00,113.67244329834918,116.2620396176345,111.28281303826613,111.57276153564453,248152100,0.0,0.0,123.04749488830566,30.014131423004557,-1.922847419477577,0.25261141807984017,-2.175458837557417
2024-07-30 00:00:00-04:00,111.50277170281329,111.97270032897562,102.52416299011045,103.71398162841797,486833300,0.0,0.0,122.0191535949707,21.043843028553255,-2.9530730761044452,-0.388525480757017,-2.5645475953474284
2024-07-31 00:00:00-04:00,112.88256383394263,118.32171842494118,110.8628715562712,117.00192260742188,473174200,0.0,0.0,121.73669700622558,41.29486511986984,-2.6665699873747144,-0.8441343820805565,-1.822435605294158
2024-08-01 00:00:00-04:00,117.51185329033258,120.14145212596502,106.79350713357796,109.1931381225586,523462300,0.0,0.0,120.78334426879883,34.73090277272841,-3.0346364723490495,-1.2822348001342552,-1.7524016722147944
2024-08-02 00:00:00-04:00,103.74397331446949,108.70320617940068,101.35434313138848,107.25342559814453,482027500,0.0,0.0,119.85548706054688,34.13756412887925,-3.443159800446324,-1.7144198001966688,-1.7287400002496551
2024-08-05 00:00:00-04:00,92.04578250558623,103.39403604617902,90.6759989303684,100.43448638916016,552842400,0.0,0.0,118.46820182800293,31.87351334880516,-4.267950609211354,-2.225125961999606,-2.042824647211748
2024-08-06 00:00:00-04:00,103.82395402777368,107.69335889505676,100.53446901489241,104.23389434814453,409012100,0.0,0.0,117.11191024780274,39.730940701540625,-4.562429945741201,-2.6925867587479253,-1.8698431869932755
2024-08-07 00:00:00-04:00,107.79334914083398,108.78320175369558,98.67476236695524,98.89472961425781,411440400,0.0,0.0,115.31218795776367,33.960080190576775,-5.167070146059075,-3.1874834362101554,-1.9795867098489195
2024-08-08 00:00:00-04:00,101.98424624897191,105.4837056790837,97.50493482201372,104.95378875732422,391910000,0.0,0.0,114.19086112976075,41.00499260403994,-5.098563361151136,-3.5696994211983517,-1.5288639399527844
2024-08-09 00:00:00-04:00,105.62368764955026,106.58353850176572,103.41402980827044,104.73382568359375,290844200,0.0,0.0,112.96655006408692,35.90397312022216,-5.004333579869581,-3.856626252932598,-1.1477073269369829
2024-08-12 00:00:00-04:00,106.30357863401878,111.05284499933998,106.24359034201233,109.00315856933594,325559900,0.0,0.0,111.99569969177246,40.30297871672174,-4.53290382211263,-3.9918817667686044,-0.5410220553440253
2024-08-13 00:00:00-04:00,112.42263716382676,116.21205275014302,111.56276937230295,116.12206268310547,312646700,0.0,0.0,111.4847785949707,51.37454710446532,-3.544003212832962,-3.902306055981476,0.35830284314851424
2024-08-14 00:00:00-04:00,118.51169503654636,118.5816839218167,114.05238467793846,118.061767578125,339246400,0.0,0.0,111.48927841186523,54.22002952961917,-2.57410173857717,-3.6366651925006153,1.0625634539234454
2024-08-15 00:00:00-04:00,118.74166102931171,123.22096487339543,117.45185933948571,122.84102630615234,318086700,0.0,0.0,111.57776489257813,56.738176042402166,-1.40362151988937,-3.1900564579783666,1.7864349380889966
2024-08-16 00:00:00-04:00,121.92116885528117,124.98069379843776,121.16128410108614,124.56076049804688,302589900,0.0,0.0,111.91021347045898,58.90092703622281,-0.33339615353111185,-2.618724397088916,2.285328243557804
2024-08-19 00:00:00-04:00,124.26080175800107,129.97991943359375,123.40093398841385,129.97991943359375,318333600,0.0,0.0,112.23316345214843,68.62328824552435,0.941196469141147,-1.9067402238429032,2.8479366929840504
2024-08-20 00:00:00-04:00,128.38017066195425,129.85995315446397,125.87056366455867,127.23035430908203,300087400,0.0,0.0,112.46612777709962,58.52643717606769,1.709744508662439,-1.1834432773418349,2.893187786004274
2024-08-21 00:00:00-04:00,127.3003454245953,129.3300384630808,126.6404512748557,128.48016357421875,257883600,0.0,0.0,113.17851829528809,68.05167199340883,2.3920989025585584,-0.46833484136175624,2.8604337439203147
2024-08-22 00:00:00-04:00,129.99992269264584,130.72980567240006,123.08098568867757,123.72088623046875,376189100,0.0,0.0,113.75142974853516,64.64001241511914,2.519789207647449,0.12928996844008472,2.3904992392073643
2024-08-23 00:00:00-04:00,125.840568772239,129.57999683666532,125.200668193686,129.3500213623047,323230300,0.0,0.0,114.56680374145508,76.26227062711942,3.0401637397279586,0.7114647226976596,2.3286990170302992
2024-08-26 00:00:00-04:00,129.54999574566529,131.23972191640203,124.35079428830487,126.44046783447266,331964700,0.0,0.0,115.31018905639648,70.50028510768732,3.1811177072035406,1.2053953195988358,1.9757223876047048
2024-08-27 00:00:00-04:00,125.03069885205142,129.18005210632066,123.86087366966548,128.2801971435547,303134600,0.0,0.0,116.53849983215332,79.00138154452884,3.402058706865276,1.644727997052124,1.7573307098131519
2024-08-28 00:00:00-04:00,128.1002136583965,128.3101879476671,122.62106403071532,125.59060668945312,448101100,0.0,0.0,116.96793403625489,71.81817756512562,3.321836505625015,1.9801496987667024,1.3416868068583125
2024-08-29 00:00:00-04:00,121.34126049654891,124.41078612954578,116.69197701250701,117.57183837890625,453023300,0.0,0.0,117.38686904907226,61.65153201321265,2.581454841639612,2.100410727341284,0.48104411429832794
2024-08-30 00:00:00-04:00,119.51154145619034,121.73119987357843,117.20190059777018,119.35157012939453,333751600,0.0,0.0,117.99177627563476,59.83653386348437,2.113938351756758,2.103116252224379,0.010822099532378893
2024-09-03 00:00:00-04:00,115.99208733843557,116.19205340222969,107.27343270040431,107.98332214355469,477155100,0.0,0.0,118.3692180633545,42.842076120741176,0.8166912528156587,1.8458312523426352,-1.0291399995269765
2024-09-04 00:00:00-04:00,105.39372401610916,113.25250309042688,104.10392232985338,106.19359588623047,372470300,0.0,0.0,118.46720314025879,39.53447755508614,-0.35174764298247396,1.4063154732776135,-1.7580631162600875
2024-09-05 00:00:00-04:00,104.97378489888229,109.63306894505409,104.74382468818037,107.19344329833984,306850700,0.0,0.0,118.88213882446288,35.21633728225568,-1.1834227946448266,0.8883678196931256,-2.071790614337952
2024-09-06 00:00:00-04:00,108.02331171493725,108.13329533322813,100.93440295773532,102.81411743164062,413638100,0.0,0.0,118.77515525817871,30.43714535850482,-2.1708817684230297,0.27651790206989457,-2.447399670492924
2024-09-09 00:00:00-04:00,104.86379392485524,106.53354171734688,103.67398295988235,106.45355224609375,273912000,0.0,0.0,118.86114158630372,28.136054641712263,-2.6294672838379256,-0.30467913511166944,-2.324788148726256
2024-09-10 00:00:00-04:00,107.7933492261417,109.38310766040351,104.93379026537787,108.08330535888672,268283700,0.0,0.0,118.81514892578124,31.827688589607206,-2.828783695363697,-0.8095000471620749,-2.019283648201622
2024-09-11 00:00:00-04:00,109.3731022078221,117.17190041388517,107.40340528796008,116.8919448852539,441422400,0.0,0.0,118.85364303588867,40.38174606823282,-2.250022930833339,-1.0976046238963277,-1.152418306937011
2024-09-12 00:00:00-04:00,116.83194558890106,120.78167799522352,115.37204710427882,119.13179016113281,367100500,0.01,0.0,118.90714416503906,46.024783065566076,-1.5922594844122955,-1.1965355959995212,-0.3957238884127743
2024-09-13 00:00:00-04:00,119.07179398085154,119.95173057852946,117.59189263639415,119.09178924560547,238358300,0.0,0.0,118.71968231201171,40.16132716899912,-1.0619633018804677,-1.1696211371757106,0.10765783529524287
2024-09-16 00:00:00-04:00,116.78195121490393,118.17185479944177,114.35211839645491,116.7719497680664,248772300,0.0,0.0,118.33024177551269,40.62082579410567,-0.8194453587673962,-1.0995859814940478,0.28014062272665163
2024-09-17 00:00:00-04:00,118.16185529801122,118.79181676837955,114.82208911294721,115.58203125,231925900,0.0,0.0,117.610347366333,37.524562993096275,-0.7150222895784992,-1.0226732431109382,0.307650953532439
2024-09-18 00:00:00-04:00,115.88201323283185,117.69188606173006,113.21219905753732,113.36219024658203,310318900,0.0,0.0,116.91693916320801,37.87414891104342,-0.8021422750783529,-0.9785670495044212,0.1764247744260683
2024-09-19 00:00:00-04:00,117.34190901515986,119.65175496418426,117.24191743437973,117.86187744140625,293506400,0.0,0.0,116.38602485656739,50.3091847788958,-0.5023080456113149,-0.8833152487258,0.3810072031144851
2024-09-20 00:00:00-04:00,117.05192889000193,118.61182655052458,115.3820458300781,115.99200439453125,382462400,0.0,0.0,115.99958076477051,46.42553609449972,-0.4108345414136352,-0.788819107263367,0.37798456584973184
2024-09-23 00:00:00-04:00,116.54197220506472,116.98193669935195,114.85208621282331,116.25199127197266,206228500,0.0,0.0,115.34467926025391,61.52083515374245,-0.3137456970022896,-0.6938044252111516,0.380058728208862
2024-09-24 00:00:00-04:00,116.51196518042532,121.79160765008963,115.37204436838394,120.8616714477539,354966800,0.0,0.0,115.06573944091797,68.94822430680257,0.13362028568431583,-0.5283194830320581,0.6619397687163739
2024-09-25 00:00:00-04:00,122.01159249257597,124.93139717496075,121.6016246984159,123.50149536132812,284692900,0.0,0.0,114.82680435180664,70.21042191224399,0.693182204989597,-0.2840191454277271,0.9772013504173241
2024-09-26 00:00:00-04:00,126.79126799764761,127.66120318223068,121.7916124398361,124.03145599365234,302582900,0.0,0.0,114.7488468170166,79.06780630068184,1.165961967650773,0.00597707718797294,1.1599848904628
2024-09-27 00:00:00-04:00,123.96146238728417,124.02145581335269,119.25178771917992,121.39163970947266,271009200,0.0,0.0,114.93983688354493,71.04153596071374,1.3125025115373745,0.26728216405785327,1.0452203474795212
2024-09-30 00:00:00-04:00,118.30184382759613,121.49162641926588,118.14185882154547,121.43163299560547,226553700,0.0,0.0,115.04384002685546,69.68378888117354,1.4155465330028392,0.49693503784685045,0.9186114951559887
2024-10-01 00:00:00-04:00,121.76160359919284,122.43156321712523,115.7820200451603,116.99193572998047,302094500,0.0,0.0,115.49427070617676,50.16925818782932,1.1259835595939762,0.6227447421962756,0.5032388173977006
2024-10-02 00:00:00-04:00,116.43198210063649,119.37177440698211,115.13206859256863,118.84181213378906,221845900,0.0,0.0,116.12668151855469,49.502576373791186,1.0338547487131535,0.7049667434996512,0.32888800521350237
2024-10-03 00:00:00-04:00,120.91167009454495,124.3514356140466,120.33170820972309,122.84153747558594,277118000,0.0,0.0,116.90908622741699,55.662951564640586,1.2689586449616712,0.8177651237920552,0.451193521169616
2024-10-04 00:00:00-04:00,124.9313951062457,125.03138669129712,121.8216087492724,124.91139221191406,243678100,0.0,0.0,118.01394996643066,62.38588497209832,1.6038124042371322,0.9749745798810707,0.6288378243560615
2024-10-07 00:00:00-04:00,124.98138920036052,130.63100158341018,124.94139103988898,127.7112045288086,346250200,0.0,0.0,119.0768325805664,67.59502149414939,2.0712320026896975,1.1942260644427962,0.8770059382469013
2024-10-08 00:00:00-04:00,130.25102042396173,133.47079980711666,129.4110819564616,132.88084411621094,285722500,0.0,0.0,120.31670951843262,76.08230362388537,2.826233056851976,1.5206274629246321,1.3056055939273437
2024-10-09 00:00:00-04:00,134.100759996507,134.51073540803478,131.37095237452456,132.64085388183594,246191600,0.0,0.0,121.10415496826172,72.28586877739556,3.36640579504207,1.8897831293481198,1.47662266569395
